param kind,param n,build real,build sys,build user,build-and-refine real,build-and-refine sys,build-and-refine user,build-and-typecheck real,build-and-typecheck sys,build-and-typecheck user,refine real,refine sys,refine user,repeat-constructor real,repeat-constructor sys,repeat-constructor user,to_constr real,to_constr sys,to_constr user,type_of real,type_of sys,type_of user,typecheck real,typecheck sys,typecheck user
conj_True_ltac2,0,0.,0.,0.,,,,0.,0.,0.,0.,0.,0.,,,,,,,,,,0.,0.,0.
conj_True_ltac2,1,0.,0.,0.,,,,0.,0.,0.,0.,0.,0.,,,,,,,,,,0.,0.,0.
conj_True_ltac2,2,0.,0.,0.,,,,0.,0.,0.,0.,0.,0.,,,,,,,,,,0.,0.,0.
conj_True_ltac2,3,0.,0.,0.,,,,0.,0.,0.,0.,0.,0.,,,,,,,,,,0.,0.,0.
conj_True_ltac2,4,0.,0.,0.,,,,0.,0.,0.,0.,0.,0.,,,,,,,,,,0.,0.,0.
conj_True_ltac2,5,0.,0.,0.,,,,0.,0.,0.,0.,0.,0.,,,,,,,,,,0.,0.,0.
conj_True_ltac2,6,0.,0.,0.,,,,0.,0.,0.,0.,0.,0.,,,,,,,,,,0.,0.,0.
conj_True_ltac2,7,0.,0.,0.,,,,0.,0.,0.,0.,0.,0.,,,,,,,,,,0.,0.,0.
conj_True_ltac2,8,0.,0.,0.,,,,0.,0.,0.,0.,0.,0.,,,,,,,,,,0.,0.,0.
conj_True_ltac2,9,0.,0.,0.,,,,0.,0.,0.,0.,0.,0.,,,,,,,,,,0.,0.,0.
conj_True_ltac2,10,0.,0.,0.,,,,0.001,0.,0.001,0.,0.,0.,,,,,,,,,,0.,0.,0.
conj_True_ltac2,11,0.,0.,0.,,,,0.001,0.001,0.,0.,0.,0.,,,,,,,,,,0.,0.,0.
conj_True_ltac2,12,0.,0.,0.,,,,0.001,0.001,0.,0.,0.,0.,,,,,,,,,,0.,0.,0.
conj_True_ltac2,13,0.001,0.,0.001,,,,0.001,0.,0.001,0.,0.,0.,,,,,,,,,,0.,0.,0.
conj_True_ltac2,14,0.001,0.,0.,,,,0.001,0.,0.001,0.,0.,0.,,,,,,,,,,0.,0.,0.
conj_True_ltac2,15,0.001,0.,0.001,,,,0.001,0.,0.001,0.,0.,0.,,,,,,,,,,0.,0.,0.
conj_True_ltac2,16,0.001,0.,0.001,,,,0.001,0.,0.001,0.,0.,0.,,,,,,,,,,0.,0.,0.
conj_True_ltac2,17,0.001,0.,0.001,,,,0.001,0.,0.001,0.,0.,0.,,,,,,,,,,0.,0.,0.
conj_True_ltac2,18,0.001,0.001,0.,,,,0.002,0.002,0.,0.,0.,0.,,,,,,,,,,0.,0.,0.
conj_True_ltac2,19,0.001,0.,0.001,,,,0.002,0.,0.002,0.,0.,0.,,,,,,,,,,0.,0.,0.
conj_True_ltac2,20,0.001,0.,0.001,,,,0.002,0.,0.002,0.,0.,0.,,,,,,,,,,0.,0.,0.
conj_True_ltac2,21,0.001,0.,0.001,,,,0.002,0.,0.002,0.,0.,0.,,,,,,,,,,0.,0.,0.
conj_True_ltac2,22,0.001,0.001,0.,,,,0.002,0.002,0.,0.,0.,0.,,,,,,,,,,0.,0.,0.
conj_True_ltac2,23,0.001,0.001,0.,,,,0.002,0.002,0.,0.001,0.,0.001,,,,,,,,,,0.001,0.001,0.
conj_True_ltac2,24,0.001,0.,0.001,,,,0.003,0.,0.003,0.001,0.,0.001,,,,,,,,,,0.001,0.,0.001
conj_True_ltac2,25,0.001,0.002,0.,,,,0.003,0.003,0.,0.001,0.,0.001,,,,,,,,,,0.001,0.001,0.
conj_True_ltac2,26,0.002,0.,0.001,,,,0.003,0.,0.002,0.001,0.,0.001,,,,,,,,,,0.001,0.,0.001
conj_True_ltac2,27,0.046,0.003,0.042,,,,0.047,0.003,0.043,0.,0.,0.,,,,,,,,,,0.,0.,0.
conj_True_ltac2,28,0.,0.,0.,,,,0.001,0.,0.001,0.,0.,0.,,,,,,,,,,0.,0.,0.
conj_True_ltac2,29,0.,0.,0.,,,,0.001,0.,0.001,0.,0.,0.,,,,,,,,,,0.,0.,0.
conj_True_ltac2,30,0.001,0.,0.001,,,,0.001,0.,0.001,0.,0.,0.,,,,,,,,,,0.,0.,0.
conj_True_ltac2,31,0.001,0.,0.001,,,,0.001,0.,0.001,0.,0.,0.,,,,,,,,,,0.,0.,0.
conj_True_ltac2,32,0.001,0.,0.001,,,,0.001,0.,0.001,0.,0.,0.,,,,,,,,,,0.,0.,0.
conj_True_ltac2,33,0.001,0.,0.001,,,,0.002,0.,0.002,0.,0.,0.,,,,,,,,,,0.,0.,0.
conj_True_ltac2,34,0.001,0.,0.001,,,,0.002,0.,0.002,0.001,0.,0.001,,,,,,,,,,0.,0.,0.
conj_True_ltac2,35,0.001,0.,0.001,,,,0.002,0.,0.002,0.001,0.,0.001,,,,,,,,,,0.001,0.,0.001
conj_True_ltac2,36,0.001,0.,0.001,,,,0.002,0.,0.002,0.001,0.,0.001,,,,,,,,,,0.001,0.,0.001
conj_True_ltac2,37,0.001,0.,0.001,,,,0.003,0.,0.003,0.001,0.,0.001,,,,,,,,,,0.001,0.,0.001
conj_True_ltac2,38,0.001,0.,0.001,,,,0.002,0.,0.002,0.001,0.,0.001,,,,,,,,,,0.001,0.,0.001
conj_True_ltac2,39,0.001,0.,0.001,,,,0.002,0.,0.002,0.001,0.,0.001,,,,,,,,,,0.001,0.,0.001
conj_True_ltac2,40,0.001,0.,0.001,,,,0.002,0.,0.002,0.001,0.,0.001,,,,,,,,,,0.001,0.,0.001
conj_True_ltac2,41,0.001,0.,0.001,,,,0.002,0.,0.002,0.001,0.,0.001,,,,,,,,,,0.001,0.,0.001
conj_True_ltac2,42,0.001,0.,0.001,,,,0.002,0.,0.002,0.001,0.,0.001,,,,,,,,,,0.001,0.,0.001
conj_True_ltac2,43,0.001,0.,0.001,,,,0.002,0.,0.002,0.001,0.,0.001,,,,,,,,,,0.001,0.,0.001
conj_True_ltac2,44,0.001,0.,0.001,,,,0.003,0.,0.003,0.001,0.,0.001,,,,,,,,,,0.001,0.,0.001
conj_True_ltac2,45,0.001,0.,0.001,,,,0.003,0.,0.003,0.001,0.,0.001,,,,,,,,,,0.001,0.,0.001
conj_True_ltac2,46,0.001,0.,0.001,,,,0.003,0.,0.003,0.001,0.,0.001,,,,,,,,,,0.001,0.,0.001
conj_True_ltac2,47,0.001,0.,0.001,,,,0.003,0.,0.003,0.001,0.,0.001,,,,,,,,,,0.001,0.,0.001
conj_True_ltac2,48,0.001,0.,0.001,,,,0.003,0.,0.003,0.001,0.,0.001,,,,,,,,,,0.001,0.,0.001
conj_True_ltac2,49,0.001,0.,0.001,,,,0.003,0.,0.003,0.002,0.,0.002,,,,,,,,,,0.001,0.,0.001
conj_True_ltac2,50,0.001,0.,0.001,,,,0.003,0.,0.003,0.002,0.,0.002,,,,,,,,,,0.002,0.,0.002
conj_True_ltac2,51,0.001,0.,0.001,,,,0.003,0.,0.003,0.002,0.,0.002,,,,,,,,,,0.002,0.,0.002
conj_True_ltac2,52,0.001,0.,0.001,,,,0.003,0.,0.003,0.002,0.,0.002,,,,,,,,,,0.002,0.,0.002
conj_True_ltac2,53,0.001,0.,0.001,,,,0.004,0.,0.004,0.002,0.,0.002,,,,,,,,,,0.002,0.,0.002
conj_True_ltac2,54,0.001,0.,0.001,,,,0.004,0.,0.004,0.002,0.,0.002,,,,,,,,,,0.002,0.,0.002
conj_True_ltac2,55,0.001,0.,0.001,,,,0.004,0.,0.004,0.002,0.,0.002,,,,,,,,,,0.002,0.,0.002
conj_True_ltac2,56,0.001,0.,0.001,,,,0.004,0.,0.004,0.002,0.,0.002,,,,,,,,,,0.002,0.,0.002
conj_True_ltac2,57,0.001,0.,0.001,,,,0.004,0.,0.004,0.002,0.,0.002,,,,,,,,,,0.002,0.,0.002
conj_True_ltac2,58,0.001,0.,0.001,,,,0.004,0.,0.004,0.003,0.,0.003,,,,,,,,,,0.002,0.,0.002
conj_True_ltac2,59,0.001,0.,0.001,,,,0.004,0.,0.004,0.002,0.,0.002,,,,,,,,,,0.002,0.,0.002
conj_True_ltac2,60,0.001,0.,0.001,,,,0.005,0.,0.005,0.003,0.,0.003,,,,,,,,,,0.003,0.,0.003
conj_True_ltac2,61,0.001,0.,0.001,,,,0.005,0.,0.005,0.003,0.,0.003,,,,,,,,,,0.003,0.,0.003
conj_True_ltac2,62,0.001,0.,0.001,,,,0.005,0.,0.005,0.003,0.,0.003,,,,,,,,,,0.003,0.,0.003
conj_True_ltac2,63,0.002,0.,0.002,,,,0.005,0.,0.005,0.003,0.,0.003,,,,,,,,,,0.003,0.,0.003
conj_True_ltac2,64,0.002,0.,0.002,,,,0.005,0.,0.005,0.003,0.,0.003,,,,,,,,,,0.003,0.,0.003
conj_True_ltac2,65,0.002,0.,0.002,,,,0.005,0.,0.005,0.004,0.,0.004,,,,,,,,,,0.003,0.,0.003
conj_True_ltac2,66,0.002,0.,0.002,,,,0.005,0.,0.005,0.003,0.,0.003,,,,,,,,,,0.003,0.,0.003
conj_True_ltac2,67,0.002,0.,0.002,,,,0.005,0.,0.005,0.003,0.,0.003,,,,,,,,,,0.003,0.,0.003
conj_True_ltac2,68,0.002,0.,0.002,,,,0.006,0.,0.006,0.004,0.,0.004,,,,,,,,,,0.003,0.,0.003
conj_True_ltac2,69,0.002,0.,0.002,,,,0.006,0.,0.006,0.004,0.,0.004,,,,,,,,,,0.004,0.,0.004
conj_True_ltac2,70,0.002,0.,0.002,,,,0.006,0.,0.006,0.004,0.,0.004,,,,,,,,,,0.004,0.,0.004
conj_True_ltac2,71,0.002,0.,0.002,,,,0.006,0.,0.006,0.004,0.,0.004,,,,,,,,,,0.004,0.,0.004
conj_True_ltac2,72,0.002,0.,0.002,,,,0.006,0.,0.006,0.004,0.,0.004,,,,,,,,,,0.004,0.,0.004
conj_True_ltac2,73,0.002,0.,0.002,,,,0.007,0.,0.007,0.004,0.,0.004,,,,,,,,,,0.004,0.,0.004
conj_True_ltac2,74,0.002,0.,0.002,,,,0.008,0.,0.008,0.004,0.,0.004,,,,,,,,,,0.005,0.,0.005
conj_True_ltac2,75,0.002,0.,0.002,,,,0.007,0.,0.007,0.004,0.,0.004,,,,,,,,,,0.004,0.,0.004
conj_True_ltac2,76,0.002,0.,0.002,,,,0.007,0.,0.007,0.005,0.,0.005,,,,,,,,,,0.005,0.,0.005
conj_True_ltac2,77,0.002,0.,0.002,,,,0.008,0.,0.008,0.005,0.,0.005,,,,,,,,,,0.005,0.,0.005
conj_True_ltac2,78,0.002,0.,0.002,,,,0.007,0.,0.007,0.005,0.,0.005,,,,,,,,,,0.005,0.,0.005
conj_True_ltac2,79,0.002,0.,0.002,,,,0.008,0.,0.008,0.005,0.,0.005,,,,,,,,,,0.005,0.,0.005
conj_True_ltac2,80,0.002,0.,0.002,,,,0.008,0.,0.008,0.005,0.,0.005,,,,,,,,,,0.005,0.,0.005
conj_True_ltac2,81,0.002,0.,0.002,,,,0.008,0.,0.008,0.006,0.,0.006,,,,,,,,,,0.005,0.,0.005
conj_True_ltac2,82,0.002,0.,0.002,,,,0.008,0.,0.008,0.006,0.,0.006,,,,,,,,,,0.005,0.,0.005
conj_True_ltac2,83,0.002,0.,0.002,,,,0.008,0.,0.008,0.006,0.,0.006,,,,,,,,,,0.006,0.,0.006
conj_True_ltac2,84,0.002,0.,0.002,,,,0.009,0.,0.009,0.006,0.,0.006,,,,,,,,,,0.006,0.,0.006
conj_True_ltac2,85,0.002,0.,0.002,,,,0.009,0.,0.009,0.006,0.,0.006,,,,,,,,,,0.006,0.,0.006
conj_True_ltac2,86,0.003,0.,0.003,,,,0.009,0.,0.009,0.006,0.,0.006,,,,,,,,,,0.006,0.,0.006
conj_True_ltac2,87,0.002,0.,0.002,,,,0.009,0.,0.009,0.006,0.,0.006,,,,,,,,,,0.006,0.,0.006
conj_True_ltac2,88,0.003,0.,0.003,,,,0.01,0.,0.01,0.006,0.,0.006,,,,,,,,,,0.006,0.,0.006
conj_True_ltac2,89,0.002,0.,0.002,,,,0.009,0.,0.009,0.006,0.,0.006,,,,,,,,,,0.006,0.,0.006
conj_True_ltac2,90,0.003,0.,0.003,,,,0.01,0.,0.01,0.006,0.,0.006,,,,,,,,,,0.006,0.,0.006
conj_True_ltac2,91,0.002,0.,0.002,,,,0.01,0.,0.01,0.007,0.,0.007,,,,,,,,,,0.007,0.,0.007
conj_True_ltac2,92,0.002,0.,0.002,,,,0.01,0.,0.01,0.007,0.,0.007,,,,,,,,,,0.007,0.,0.007
conj_True_ltac2,93,0.003,0.,0.003,,,,0.01,0.,0.01,0.007,0.003,0.004,,,,,,,,,,0.007,0.,0.007
conj_True_ltac2,94,0.003,0.,0.003,,,,0.01,0.,0.01,0.007,0.,0.007,,,,,,,,,,0.007,0.,0.007
conj_True_ltac2,95,0.003,0.,0.003,,,,0.012,0.,0.012,0.007,0.,0.007,,,,,,,,,,0.008,0.,0.008
conj_True_ltac2,96,0.003,0.,0.003,,,,0.011,0.,0.011,0.008,0.,0.008,,,,,,,,,,0.008,0.,0.008
conj_True_ltac2,97,0.003,0.,0.003,,,,0.011,0.,0.011,0.007,0.,0.007,,,,,,,,,,0.008,0.,0.008
conj_True_ltac2,98,0.003,0.,0.003,,,,0.011,0.,0.011,0.009,0.,0.009,,,,,,,,,,0.008,0.,0.008
conj_True_ltac2,99,0.003,0.,0.003,,,,0.012,0.,0.012,0.008,0.,0.008,,,,,,,,,,0.008,0.,0.008
conj_True_ltac2,100,0.006,0.,0.006,,,,0.023,0.003,0.019,0.071,0.016,0.054,,,,,,,,,,0.016,0.003,0.012
conj_True_ltac2,101,0.003,0.,0.003,,,,0.012,0.,0.012,0.009,0.,0.009,,,,,,,,,,0.008,0.,0.008
conj_True_ltac2,102,0.004,0.,0.004,,,,0.013,0.,0.013,0.008,0.,0.008,,,,,,,,,,0.008,0.,0.008
conj_True_ltac2,103,0.003,0.,0.003,,,,0.012,0.,0.012,0.01,0.,0.01,,,,,,,,,,0.009,0.,0.009
conj_True_ltac2,104,0.003,0.,0.003,,,,0.012,0.,0.012,0.009,0.,0.009,,,,,,,,,,0.009,0.,0.009
conj_True_ltac2,105,0.003,0.001,0.001,,,,0.013,0.001,0.011,0.009,0.,0.009,,,,,,,,,,0.009,0.,0.009
conj_True_ltac2,106,0.003,0.,0.003,,,,0.013,0.,0.013,0.01,0.,0.01,,,,,,,,,,0.009,0.,0.009
conj_True_ltac2,107,0.003,0.,0.003,,,,0.013,0.,0.013,0.01,0.,0.01,,,,,,,,,,0.009,0.,0.009
conj_True_ltac2,108,0.003,0.,0.003,,,,0.013,0.,0.013,0.01,0.,0.01,,,,,,,,,,0.01,0.,0.01
conj_True_ltac2,109,0.003,0.,0.003,,,,0.014,0.,0.014,0.01,0.,0.01,,,,,,,,,,0.01,0.,0.01
conj_True_ltac2,110,0.003,0.,0.003,,,,0.014,0.,0.014,0.01,0.,0.01,,,,,,,,,,0.01,0.,0.01
conj_True_ltac2,111,0.003,0.,0.003,,,,0.014,0.,0.014,0.01,0.,0.01,,,,,,,,,,0.01,0.,0.01
conj_True_ltac2,112,0.004,0.,0.004,,,,0.015,0.,0.015,0.011,0.,0.011,,,,,,,,,,0.01,0.,0.01
conj_True_ltac2,113,0.003,0.,0.003,,,,0.015,0.,0.015,0.01,0.,0.01,,,,,,,,,,0.011,0.,0.011
conj_True_ltac2,114,0.003,0.,0.003,,,,0.015,0.,0.015,0.012,0.,0.012,,,,,,,,,,0.011,0.,0.011
conj_True_ltac2,115,0.003,0.,0.003,,,,0.015,0.,0.015,0.012,0.,0.012,,,,,,,,,,0.011,0.,0.011
conj_True_ltac2,116,0.003,0.,0.003,,,,0.015,0.,0.015,0.011,0.,0.011,,,,,,,,,,0.011,0.,0.011
conj_True_ltac2,117,0.006,0.,0.006,,,,0.018,0.,0.018,0.012,0.,0.012,,,,,,,,,,0.011,0.,0.011
conj_True_ltac2,118,0.003,0.,0.003,,,,0.016,0.,0.016,0.011,0.,0.011,,,,,,,,,,0.012,0.,0.012
conj_True_ltac2,119,0.003,0.,0.003,,,,0.017,0.,0.017,0.012,0.,0.012,,,,,,,,,,0.013,0.,0.013
conj_True_ltac2,120,0.003,0.,0.003,,,,0.016,0.,0.016,0.013,0.,0.013,,,,,,,,,,0.012,0.,0.012
conj_True_ltac2,121,0.003,0.,0.003,,,,0.016,0.,0.016,0.014,0.,0.014,,,,,,,,,,0.012,0.,0.012
conj_True_ltac2,122,0.003,0.,0.003,,,,0.016,0.,0.016,0.013,0.,0.013,,,,,,,,,,0.012,0.,0.012
conj_True_ltac2,123,0.003,0.,0.003,,,,0.016,0.,0.016,0.015,0.,0.015,,,,,,,,,,0.012,0.,0.012
conj_True_ltac2,124,0.003,0.,0.003,,,,0.017,0.,0.017,0.013,0.,0.013,,,,,,,,,,0.013,0.,0.013
conj_True_ltac2,125,0.003,0.,0.003,,,,0.017,0.,0.017,0.013,0.,0.013,,,,,,,,,,0.013,0.,0.013
conj_True_ltac2,126,0.004,0.,0.004,,,,0.018,0.,0.018,0.013,0.,0.013,,,,,,,,,,0.013,0.,0.013
conj_True_ltac2,127,0.004,0.,0.004,,,,0.017,0.,0.017,0.013,0.,0.013,,,,,,,,,,0.013,0.,0.013
conj_True_ltac2,128,0.004,0.,0.004,,,,0.018,0.,0.018,0.014,0.,0.014,,,,,,,,,,0.014,0.,0.014
conj_True_ltac2,129,0.004,0.,0.004,,,,0.018,0.,0.018,0.013,0.,0.013,,,,,,,,,,0.013,0.,0.013
conj_True_ltac2,130,0.004,0.,0.004,,,,0.018,0.,0.018,0.014,0.,0.014,,,,,,,,,,0.014,0.,0.014
conj_True_ltac2,131,0.004,0.,0.004,,,,0.019,0.,0.019,0.014,0.,0.014,,,,,,,,,,0.015,0.,0.015
conj_True_ltac2,132,0.004,0.,0.004,,,,0.02,0.,0.02,0.014,0.,0.014,,,,,,,,,,0.016,0.,0.016
conj_True_ltac2,133,0.005,0.,0.005,,,,0.02,0.,0.02,0.014,0.,0.014,,,,,,,,,,0.014,0.,0.014
conj_True_ltac2,134,0.006,0.,0.006,,,,0.021,0.003,0.017,0.015,0.,0.015,,,,,,,,,,0.015,0.003,0.011
conj_True_ltac2,135,0.004,0.,0.004,,,,0.019,0.,0.019,0.015,0.,0.015,,,,,,,,,,0.015,0.,0.015
conj_True_ltac2,136,0.004,0.,0.004,,,,0.019,0.,0.019,0.015,0.,0.015,,,,,,,,,,0.015,0.,0.015
conj_True_ltac2,137,0.004,0.,0.004,,,,0.02,0.,0.02,0.017,0.,0.017,,,,,,,,,,0.015,0.,0.015
conj_True_ltac2,138,0.004,0.,0.004,,,,0.02,0.,0.02,0.016,0.,0.016,,,,,,,,,,0.016,0.,0.016
conj_True_ltac2,139,0.004,0.,0.004,,,,0.02,0.,0.02,0.017,0.,0.017,,,,,,,,,,0.016,0.,0.016
conj_True_ltac2,140,0.004,0.,0.004,,,,0.022,0.,0.022,0.016,0.,0.016,,,,,,,,,,0.017,0.,0.017
conj_True_ltac2,141,0.004,0.,0.004,,,,0.023,0.,0.023,0.016,0.,0.016,,,,,,,,,,0.018,0.,0.018
conj_True_ltac2,142,0.004,0.,0.004,,,,0.021,0.,0.021,0.016,0.,0.016,,,,,,,,,,0.017,0.,0.017
conj_True_ltac2,143,0.005,0.,0.005,,,,0.022,0.,0.022,0.019,0.,0.019,,,,,,,,,,0.017,0.,0.017
conj_True_ltac2,144,0.004,0.,0.004,,,,0.022,0.,0.022,0.02,0.,0.02,,,,,,,,,,0.017,0.,0.017
conj_True_ltac2,145,0.004,0.,0.004,,,,0.023,0.,0.023,0.017,0.,0.017,,,,,,,,,,0.018,0.,0.018
conj_True_ltac2,146,0.004,0.,0.004,,,,0.025,0.,0.025,0.018,0.,0.018,,,,,,,,,,0.02,0.,0.02
conj_True_ltac2,147,0.005,0.,0.005,,,,0.022,0.,0.022,0.018,0.,0.018,,,,,,,,,,0.017,0.,0.017
conj_True_ltac2,148,0.004,0.,0.004,,,,0.023,0.,0.023,0.018,0.,0.018,,,,,,,,,,0.018,0.,0.018
conj_True_ltac2,149,0.004,0.,0.004,,,,0.024,0.,0.024,0.018,0.,0.018,,,,,,,,,,0.02,0.,0.02
conj_True_ltac2,150,0.004,0.,0.004,,,,0.024,0.,0.024,0.018,0.,0.018,,,,,,,,,,0.02,0.,0.02
conj_True_ltac2,151,0.006,0.,0.006,,,,0.026,0.,0.026,0.02,0.,0.02,,,,,,,,,,0.019,0.,0.019
conj_True_ltac2,152,0.004,0.,0.004,,,,0.024,0.,0.024,0.021,0.,0.021,,,,,,,,,,0.019,0.,0.019
conj_True_ltac2,153,0.004,0.,0.004,,,,0.025,0.,0.025,0.019,0.,0.019,,,,,,,,,,0.02,0.,0.02
conj_True_ltac2,154,0.006,0.,0.006,,,,0.026,0.,0.026,0.021,0.,0.021,,,,,,,,,,0.019,0.,0.019
conj_True_ltac2,155,0.004,0.,0.004,,,,0.027,0.,0.027,0.02,0.,0.02,,,,,,,,,,0.022,0.,0.022
conj_True_ltac2,156,0.006,0.,0.006,,,,0.027,0.,0.027,0.021,0.,0.021,,,,,,,,,,0.02,0.,0.02
conj_True_ltac2,157,0.005,0.,0.005,,,,0.025,0.,0.025,0.022,0.,0.022,,,,,,,,,,0.02,0.,0.02
conj_True_ltac2,158,0.005,0.,0.005,,,,0.027,0.,0.027,0.021,0.,0.021,,,,,,,,,,0.022,0.,0.022
conj_True_ltac2,159,0.006,0.,0.006,,,,0.027,0.,0.027,0.022,0.,0.022,,,,,,,,,,0.02,0.,0.02
conj_True_ltac2,160,0.005,0.,0.005,,,,0.027,0.,0.027,0.021,0.,0.021,,,,,,,,,,0.022,0.,0.022
conj_True_ltac2,161,0.006,0.,0.006,,,,0.028,0.,0.028,0.022,0.,0.022,,,,,,,,,,0.021,0.,0.021
conj_True_ltac2,162,0.005,0.,0.005,,,,0.029,0.,0.029,0.022,0.,0.022,,,,,,,,,,0.023,0.,0.023
conj_True_ltac2,163,0.005,0.,0.005,,,,0.027,0.,0.027,0.022,0.,0.022,,,,,,,,,,0.022,0.,0.022
conj_True_ltac2,164,0.005,0.,0.005,,,,0.03,0.,0.03,0.022,0.,0.022,,,,,,,,,,0.025,0.,0.025
conj_True_ltac2,165,0.008,0.,0.008,,,,0.031,0.,0.031,0.023,0.,0.023,,,,,,,,,,0.023,0.,0.023
conj_True_ltac2,166,0.005,0.,0.005,,,,0.03,0.,0.03,0.023,0.,0.023,,,,,,,,,,0.024,0.,0.024
conj_True_ltac2,167,0.006,0.,0.006,,,,0.029,0.,0.029,0.024,0.,0.024,,,,,,,,,,0.023,0.,0.023
conj_True_ltac2,168,0.005,0.,0.005,,,,0.029,0.,0.029,0.024,0.,0.024,,,,,,,,,,0.023,0.,0.023
conj_True_ltac2,169,0.005,0.,0.005,,,,0.033,0.,0.033,0.023,0.,0.023,,,,,,,,,,0.028,0.,0.028
conj_True_ltac2,170,0.005,0.,0.005,,,,0.032,0.,0.032,0.024,0.,0.024,,,,,,,,,,0.027,0.,0.027
conj_True_ltac2,171,0.005,0.,0.005,,,,0.031,0.,0.031,0.024,0.,0.024,,,,,,,,,,0.026,0.,0.026
conj_True_ltac2,172,0.005,0.,0.005,,,,0.03,0.,0.03,0.026,0.,0.026,,,,,,,,,,0.024,0.,0.024
conj_True_ltac2,173,0.005,0.,0.005,,,,0.03,0.,0.03,0.025,0.,0.025,,,,,,,,,,0.024,0.,0.024
conj_True_ltac2,174,0.005,0.,0.005,,,,0.033,0.,0.033,0.027,0.,0.027,,,,,,,,,,0.027,0.,0.027
conj_True_ltac2,175,0.005,0.,0.005,,,,0.033,0.003,0.029,0.025,0.,0.025,,,,,,,,,,0.027,0.003,0.023
conj_True_ltac2,176,0.008,0.,0.008,,,,0.034,0.,0.034,0.025,0.,0.025,,,,,,,,,,0.026,0.,0.026
conj_True_ltac2,177,0.005,0.,0.005,,,,0.033,0.,0.033,0.028,0.,0.028,,,,,,,,,,0.027,0.,0.027
conj_True_ltac2,178,0.005,0.,0.005,,,,0.035,0.,0.035,0.028,0.,0.028,,,,,,,,,,0.029,0.,0.029
conj_True_ltac2,179,0.005,0.,0.005,,,,0.035,0.,0.035,0.027,0.,0.027,,,,,,,,,,0.029,0.,0.029
conj_True_ltac2,180,0.006,0.,0.006,,,,0.032,0.,0.032,0.026,0.,0.026,,,,,,,,,,0.026,0.,0.026
conj_True_ltac2,181,0.005,0.,0.005,,,,0.032,0.,0.032,0.027,0.,0.027,,,,,,,,,,0.026,0.,0.026
conj_True_ltac2,182,0.005,0.,0.005,,,,0.035,0.003,0.031,0.03,0.,0.03,,,,,,,,,,0.029,0.003,0.025
conj_True_ltac2,183,0.005,0.,0.005,,,,0.035,0.,0.035,0.029,0.,0.029,,,,,,,,,,0.029,0.,0.029
conj_True_ltac2,184,0.005,0.,0.005,,,,0.035,0.,0.035,0.029,0.,0.029,,,,,,,,,,0.03,0.,0.03
conj_True_ltac2,185,0.005,0.,0.005,,,,0.036,0.,0.036,0.028,0.,0.028,,,,,,,,,,0.03,0.,0.03
conj_True_ltac2,186,0.005,0.,0.005,,,,0.036,0.,0.036,0.028,0.,0.028,,,,,,,,,,0.03,0.,0.03
conj_True_ltac2,187,0.009,0.,0.009,,,,0.04,0.,0.04,0.028,0.,0.028,,,,,,,,,,0.031,0.,0.031
conj_True_ltac2,188,0.007,0.,0.007,,,,0.037,0.,0.037,0.029,0.,0.029,,,,,,,,,,0.029,0.,0.029
conj_True_ltac2,189,0.006,0.,0.006,,,,0.036,0.,0.036,0.032,0.,0.032,,,,,,,,,,0.029,0.,0.029
conj_True_ltac2,190,0.006,0.,0.006,,,,0.036,0.,0.036,0.032,0.,0.032,,,,,,,,,,0.03,0.,0.03
conj_True_ltac2,191,0.006,0.,0.006,,,,0.036,0.,0.036,0.032,0.,0.032,,,,,,,,,,0.03,0.,0.03
conj_True_ltac2,192,0.007,0.,0.007,,,,0.038,0.,0.038,0.033,0.,0.033,,,,,,,,,,0.031,0.,0.031
conj_True_ltac2,193,0.007,0.,0.007,,,,0.042,0.,0.042,0.03,0.,0.03,,,,,,,,,,0.035,0.,0.035
conj_True_ltac2,194,0.006,0.,0.006,,,,0.038,0.,0.038,0.03,0.,0.03,,,,,,,,,,0.032,0.,0.032
conj_True_ltac2,195,0.006,0.,0.006,,,,0.038,0.,0.038,0.032,0.,0.032,,,,,,,,,,0.032,0.,0.032
conj_True_ltac2,196,0.006,0.,0.006,,,,0.039,0.,0.039,0.032,0.,0.032,,,,,,,,,,0.033,0.,0.033
conj_True_ltac2,197,0.006,0.,0.006,,,,0.039,0.,0.039,0.032,0.,0.032,,,,,,,,,,0.033,0.,0.033
conj_True_ltac2,198,0.006,0.,0.006,,,,0.04,0.,0.04,0.033,0.,0.033,,,,,,,,,,0.034,0.,0.034
conj_True_ltac2,199,0.006,0.,0.006,,,,0.041,0.,0.041,0.033,0.,0.033,,,,,,,,,,0.034,0.,0.034
conj_True_ltac2,200,0.006,0.,0.006,,,,0.043,0.,0.043,0.034,0.,0.034,,,,,,,,,,0.037,0.,0.037
conj_True_ltac2,201,0.006,0.,0.006,,,,0.042,0.,0.042,0.034,0.,0.034,,,,,,,,,,0.035,0.,0.035
conj_True_ltac2,202,0.007,0.,0.007,,,,0.045,0.,0.045,0.038,0.,0.038,,,,,,,,,,0.038,0.,0.038
conj_True_ltac2,203,0.006,0.,0.006,,,,0.042,0.,0.042,0.035,0.,0.035,,,,,,,,,,0.035,0.,0.035
conj_True_ltac2,204,0.006,0.,0.006,,,,0.042,0.,0.042,0.034,0.,0.034,,,,,,,,,,0.035,0.,0.035
conj_True_ltac2,205,0.006,0.,0.006,,,,0.042,0.,0.042,0.036,0.,0.036,,,,,,,,,,0.036,0.,0.036
conj_True_ltac2,206,0.006,0.,0.006,,,,0.042,0.,0.042,0.034,0.,0.034,,,,,,,,,,0.036,0.,0.036
conj_True_ltac2,207,0.006,0.,0.006,,,,0.043,0.,0.043,0.037,0.,0.037,,,,,,,,,,0.036,0.,0.036
conj_True_ltac2,208,0.006,0.,0.006,,,,0.044,0.,0.044,0.036,0.,0.036,,,,,,,,,,0.037,0.,0.037
conj_True_ltac2,209,0.007,0.,0.007,,,,0.048,0.,0.048,0.038,0.,0.038,,,,,,,,,,0.04,0.,0.04
conj_True_ltac2,210,0.006,0.,0.006,,,,0.044,0.,0.044,0.037,0.,0.037,,,,,,,,,,0.038,0.,0.038
conj_True_ltac2,211,0.006,0.,0.006,,,,0.044,0.,0.044,0.037,0.,0.037,,,,,,,,,,0.037,0.,0.037
conj_True_ltac2,212,0.006,0.,0.006,,,,0.045,0.,0.045,0.038,0.,0.038,,,,,,,,,,0.038,0.,0.038
conj_True_ltac2,213,0.006,0.,0.006,,,,0.046,0.,0.046,0.041,0.,0.041,,,,,,,,,,0.039,0.,0.039
conj_True_ltac2,214,0.007,0.,0.007,,,,0.049,0.,0.049,0.039,0.,0.039,,,,,,,,,,0.041,0.,0.041
conj_True_ltac2,215,0.006,0.,0.006,,,,0.048,0.,0.048,0.039,0.,0.039,,,,,,,,,,0.041,0.,0.041
conj_True_ltac2,216,0.006,0.,0.006,,,,0.046,0.,0.046,0.039,0.,0.039,,,,,,,,,,0.039,0.,0.039
conj_True_ltac2,217,0.006,0.,0.006,,,,0.05,0.,0.05,0.04,0.,0.04,,,,,,,,,,0.043,0.,0.043
conj_True_ltac2,218,0.009,0.,0.009,,,,0.05,0.,0.05,0.039,0.,0.039,,,,,,,,,,0.04,0.,0.04
conj_True_ltac2,219,0.006,0.,0.006,,,,0.047,0.,0.047,0.04,0.,0.04,,,,,,,,,,0.04,0.,0.04
conj_True_ltac2,220,0.006,0.,0.006,,,,0.048,0.,0.048,0.042,0.,0.042,,,,,,,,,,0.041,0.,0.041
conj_True_ltac2,221,0.01,0.,0.01,,,,0.053,0.,0.053,0.04,0.,0.04,,,,,,,,,,0.042,0.,0.042
conj_True_ltac2,222,0.007,0.,0.007,,,,0.052,0.,0.052,0.043,0.,0.043,,,,,,,,,,0.044,0.,0.044
conj_True_ltac2,223,0.007,0.,0.007,,,,0.049,0.,0.049,0.043,0.,0.043,,,,,,,,,,0.042,0.,0.042
conj_True_ltac2,224,0.009,0.,0.009,,,,0.051,0.,0.051,0.041,0.,0.041,,,,,,,,,,0.042,0.,0.042
conj_True_ltac2,225,0.007,0.,0.007,,,,0.053,0.,0.053,0.043,0.,0.043,,,,,,,,,,0.046,0.,0.046
conj_True_ltac2,226,0.007,0.,0.007,,,,0.054,0.,0.054,0.043,0.,0.043,,,,,,,,,,0.047,0.,0.047
conj_True_ltac2,227,0.007,0.,0.007,,,,0.051,0.,0.051,0.043,0.,0.043,,,,,,,,,,0.044,0.,0.044
conj_True_ltac2,228,0.007,0.,0.007,,,,0.05,0.,0.05,0.046,0.,0.046,,,,,,,,,,0.043,0.,0.043
conj_True_ltac2,229,0.008,0.,0.008,,,,0.055,0.,0.055,0.044,0.,0.044,,,,,,,,,,0.047,0.,0.047
conj_True_ltac2,230,0.007,0.,0.007,,,,0.054,0.,0.054,0.044,0.,0.044,,,,,,,,,,0.046,0.,0.046
conj_True_ltac2,231,0.007,0.,0.007,,,,0.052,0.,0.052,0.047,0.,0.047,,,,,,,,,,0.045,0.,0.045
conj_True_ltac2,232,0.007,0.,0.007,,,,0.055,0.,0.055,0.046,0.,0.046,,,,,,,,,,0.048,0.,0.048
conj_True_ltac2,233,0.007,0.,0.007,,,,0.056,0.,0.056,0.048,0.,0.048,,,,,,,,,,0.049,0.,0.049
conj_True_ltac2,234,0.009,0.,0.009,,,,0.055,0.,0.055,0.045,0.,0.045,,,,,,,,,,0.046,0.,0.046
conj_True_ltac2,235,0.007,0.,0.007,,,,0.062,0.,0.062,0.047,0.,0.047,,,,,,,,,,0.054,0.,0.054
conj_True_ltac2,236,0.008,0.003,0.004,,,,0.057,0.003,0.053,0.047,0.,0.047,,,,,,,,,,0.049,0.,0.049
conj_True_ltac2,237,0.007,0.,0.007,,,,0.058,0.,0.058,0.055,0.,0.055,,,,,,,,,,0.05,0.,0.05
conj_True_ltac2,238,0.009,0.,0.009,,,,0.056,0.,0.056,0.046,0.,0.046,,,,,,,,,,0.047,0.,0.047
conj_True_ltac2,239,0.007,0.,0.007,,,,0.065,0.,0.065,0.053,0.,0.053,,,,,,,,,,0.057,0.,0.057
conj_True_ltac2,240,0.008,0.,0.008,,,,0.059,0.,0.059,0.048,0.,0.048,,,,,,,,,,0.051,0.,0.051
conj_True_ltac2,241,0.007,0.,0.007,,,,0.056,0.,0.056,0.052,0.,0.052,,,,,,,,,,0.048,0.,0.048
conj_True_ltac2,242,0.007,0.,0.007,,,,0.057,0.,0.057,0.049,0.,0.049,,,,,,,,,,0.05,0.,0.05
conj_True_ltac2,243,0.007,0.,0.007,,,,0.065,0.,0.065,0.053,0.,0.053,,,,,,,,,,0.058,0.,0.058
conj_True_ltac2,244,0.007,0.,0.007,,,,0.06,0.,0.06,0.053,0.,0.053,,,,,,,,,,0.052,0.,0.052
conj_True_ltac2,245,0.008,0.,0.008,,,,0.058,0.,0.058,0.049,0.,0.049,,,,,,,,,,0.049,0.,0.049
conj_True_ltac2,246,0.007,0.,0.007,,,,0.063,0.,0.063,0.051,0.,0.051,,,,,,,,,,0.055,0.,0.055
conj_True_ltac2,247,0.009,0.,0.009,,,,0.063,0.,0.063,0.057,0.,0.057,,,,,,,,,,0.054,0.,0.054
conj_True_ltac2,248,0.007,0.,0.007,,,,0.058,0.,0.058,0.054,0.,0.054,,,,,,,,,,0.05,0.,0.05
conj_True_ltac2,249,0.008,0.,0.008,,,,0.066,0.,0.066,0.052,0.,0.052,,,,,,,,,,0.058,0.,0.058
conj_True_ltac2,250,0.01,0.,0.01,,,,0.065,0.,0.065,0.055,0.,0.055,,,,,,,,,,0.054,0.,0.054
conj_True_ltac2,251,0.008,0.,0.008,,,,0.069,0.,0.069,0.056,0.,0.056,,,,,,,,,,0.061,0.,0.061
conj_True_ltac2,252,0.008,0.,0.008,,,,0.063,0.,0.063,0.052,0.,0.052,,,,,,,,,,0.055,0.,0.055
conj_True_ltac2,253,0.013,0.,0.013,,,,0.07,0.,0.07,0.06,0.,0.06,,,,,,,,,,0.056,0.,0.056
conj_True_ltac2,254,0.008,0.,0.008,,,,0.067,0.,0.067,0.057,0.,0.057,,,,,,,,,,0.059,0.,0.059
conj_True_ltac2,255,0.008,0.,0.008,,,,0.07,0.,0.07,0.056,0.,0.056,,,,,,,,,,0.061,0.,0.061
conj_True_ltac2,256,0.008,0.,0.008,,,,0.065,0.,0.065,0.058,0.,0.058,,,,,,,,,,0.057,0.,0.057
conj_True_ltac2,257,0.008,0.,0.008,,,,0.062,0.,0.062,0.054,0.,0.054,,,,,,,,,,0.053,0.,0.053
conj_True_ltac2,258,0.008,0.,0.008,,,,0.067,0.,0.067,0.056,0.,0.056,,,,,,,,,,0.059,0.,0.059
conj_True_ltac2,259,0.008,0.,0.008,,,,0.072,0.003,0.068,0.059,0.,0.059,,,,,,,,,,0.064,0.003,0.06
conj_True_ltac2,260,0.008,0.,0.008,,,,0.065,0.,0.065,0.056,0.,0.056,,,,,,,,,,0.057,0.,0.057
conj_True_ltac2,261,0.009,0.,0.009,,,,0.069,0.,0.069,0.059,0.003,0.055,,,,,,,,,,0.059,0.,0.059
conj_True_ltac2,262,0.008,0.,0.008,,,,0.071,0.,0.071,0.062,0.,0.062,,,,,,,,,,0.062,0.,0.062
conj_True_ltac2,263,0.008,0.,0.008,,,,0.07,0.,0.07,0.06,0.,0.06,,,,,,,,,,0.062,0.,0.062
conj_True_ltac2,264,0.008,0.,0.008,,,,0.071,0.,0.071,0.064,0.,0.064,,,,,,,,,,0.063,0.,0.063
conj_True_ltac2,265,0.008,0.,0.008,,,,0.071,0.,0.071,0.059,0.,0.059,,,,,,,,,,0.063,0.,0.063
conj_True_ltac2,266,0.008,0.,0.008,,,,0.068,0.,0.068,0.058,0.,0.058,,,,,,,,,,0.06,0.,0.06
conj_True_ltac2,267,0.009,0.,0.009,,,,0.068,0.,0.068,0.058,0.,0.058,,,,,,,,,,0.059,0.,0.059
conj_True_ltac2,268,0.014,0.,0.014,,,,0.078,0.,0.078,0.059,0.,0.059,,,,,,,,,,0.064,0.,0.064
conj_True_ltac2,269,0.008,0.,0.008,,,,0.075,0.,0.075,0.067,0.,0.067,,,,,,,,,,0.066,0.,0.066
conj_True_ltac2,270,0.008,0.,0.008,,,,0.078,0.,0.078,0.071,0.,0.071,,,,,,,,,,0.069,0.,0.069
conj_True_ltac2,271,0.008,0.,0.008,,,,0.075,0.,0.075,0.067,0.,0.067,,,,,,,,,,0.066,0.,0.066
conj_True_ltac2,272,0.008,0.,0.008,,,,0.078,0.,0.078,0.071,0.,0.071,,,,,,,,,,0.069,0.,0.069
conj_True_ltac2,273,0.008,0.,0.008,,,,0.076,0.,0.076,0.068,0.,0.068,,,,,,,,,,0.067,0.,0.067
conj_True_ltac2,274,0.008,0.,0.008,,,,0.079,0.,0.079,0.071,0.,0.071,,,,,,,,,,0.07,0.,0.07
conj_True_ltac2,275,0.008,0.,0.008,,,,0.077,0.003,0.073,0.069,0.,0.069,,,,,,,,,,0.068,0.003,0.064
conj_True_ltac2,276,0.008,0.,0.008,,,,0.08,0.,0.08,0.072,0.,0.072,,,,,,,,,,0.071,0.,0.071
conj_True_ltac2,277,0.008,0.,0.008,,,,0.078,0.,0.078,0.07,0.003,0.066,,,,,,,,,,0.069,0.,0.069
conj_True_ltac2,278,0.008,0.,0.008,,,,0.081,0.,0.081,0.073,0.,0.073,,,,,,,,,,0.072,0.,0.072
conj_True_ltac2,279,0.008,0.,0.008,,,,0.079,0.,0.079,0.07,0.,0.07,,,,,,,,,,0.07,0.,0.07
conj_True_ltac2,280,0.008,0.,0.008,,,,0.081,0.,0.081,0.072,0.,0.072,,,,,,,,,,0.072,0.,0.072
conj_True_ltac2,281,0.008,0.,0.008,,,,0.079,0.,0.079,0.072,0.,0.072,,,,,,,,,,0.07,0.,0.07
conj_True_ltac2,282,0.009,0.,0.009,,,,0.081,0.,0.081,0.075,0.,0.075,,,,,,,,,,0.072,0.,0.072
conj_True_ltac2,283,0.009,0.,0.009,,,,0.081,0.,0.081,0.074,0.,0.074,,,,,,,,,,0.072,0.,0.072
conj_True_ltac2,284,0.014,0.,0.014,,,,0.08,0.,0.08,0.066,0.,0.066,,,,,,,,,,0.065,0.,0.065
conj_True_ltac2,285,0.015,0.,0.015,,,,0.085,0.,0.085,0.072,0.,0.072,,,,,,,,,,0.069,0.,0.069
conj_True_ltac2,286,0.015,0.,0.015,,,,0.086,0.,0.086,0.07,0.,0.07,,,,,,,,,,0.071,0.,0.071
conj_True_ltac2,287,0.009,0.,0.009,,,,0.081,0.,0.081,0.073,0.,0.073,,,,,,,,,,0.072,0.,0.072
conj_True_ltac2,288,0.009,0.,0.009,,,,0.082,0.,0.082,0.072,0.,0.072,,,,,,,,,,0.072,0.,0.072
conj_True_ltac2,289,0.009,0.,0.009,,,,0.089,0.,0.089,0.081,0.,0.081,,,,,,,,,,0.079,0.,0.079
conj_True_ltac2,290,0.009,0.,0.009,,,,0.083,0.,0.083,0.074,0.,0.074,,,,,,,,,,0.074,0.,0.074
conj_True_ltac2,291,0.015,0.,0.015,,,,0.091,0.,0.091,0.078,0.,0.078,,,,,,,,,,0.075,0.,0.075
conj_True_ltac2,292,0.009,0.,0.009,,,,0.084,0.,0.084,0.076,0.,0.076,,,,,,,,,,0.075,0.,0.075
conj_True_ltac2,293,0.009,0.,0.009,,,,0.088,0.,0.088,0.077,0.,0.077,,,,,,,,,,0.078,0.,0.078
conj_True_ltac2,294,0.009,0.,0.009,,,,0.086,0.,0.086,0.079,0.,0.079,,,,,,,,,,0.077,0.,0.077
conj_True_ltac2,295,0.015,0.,0.015,,,,0.094,0.,0.094,0.081,0.,0.081,,,,,,,,,,0.079,0.,0.079
conj_True_ltac2,296,0.009,0.,0.009,,,,0.085,0.,0.085,0.075,0.,0.075,,,,,,,,,,0.075,0.,0.075
conj_True_ltac2,297,0.01,0.,0.01,,,,0.091,0.,0.091,0.083,0.,0.083,,,,,,,,,,0.081,0.,0.081
conj_True_ltac2,298,0.009,0.,0.009,,,,0.089,0.,0.089,0.078,0.,0.078,,,,,,,,,,0.08,0.,0.08
conj_True_ltac2,299,0.009,0.,0.009,,,,0.091,0.,0.091,0.079,0.,0.079,,,,,,,,,,0.081,0.,0.081
conj_True_ltac2,300,0.009,0.,0.009,,,,0.089,0.,0.089,0.081,0.,0.081,,,,,,,,,,0.079,0.,0.079
conj_True_ltac2,305,0.009,0.,0.009,,,,0.09,0.,0.09,0.08,0.,0.08,,,,,,,,,,0.08,0.,0.08
conj_True_ltac2,310,0.012,0.,0.012,,,,0.096,0.,0.096,0.085,0.,0.085,,,,,,,,,,0.084,0.,0.084
conj_True_ltac2,315,0.016,0.,0.016,,,,0.1,0.,0.1,0.085,0.,0.085,,,,,,,,,,0.084,0.,0.084
conj_True_ltac2,320,0.01,0.,0.01,,,,0.099,0.,0.099,0.1,0.,0.1,,,,,,,,,,0.089,0.,0.089
conj_True_ltac2,325,0.01,0.,0.01,,,,0.106,0.,0.106,0.095,0.,0.095,,,,,,,,,,0.095,0.,0.095
conj_True_ltac2,330,0.016,0.,0.016,,,,0.113,0.,0.113,0.101,0.,0.101,,,,,,,,,,0.096,0.,0.096
conj_True_ltac2,335,0.01,0.,0.01,,,,0.116,0.,0.116,0.102,0.,0.102,,,,,,,,,,0.105,0.,0.105
conj_True_ltac2,340,0.01,0.,0.01,,,,0.118,0.,0.118,0.105,0.,0.105,,,,,,,,,,0.107,0.,0.107
conj_True_ltac2,345,0.011,0.,0.011,,,,0.118,0.,0.118,0.104,0.,0.104,,,,,,,,,,0.107,0.,0.107
conj_True_ltac2,350,0.011,0.,0.011,,,,0.114,0.,0.114,0.108,0.,0.108,,,,,,,,,,0.103,0.,0.103
conj_True_ltac2,355,0.014,0.,0.014,,,,0.125,0.,0.125,0.108,0.,0.108,,,,,,,,,,0.111,0.,0.111
conj_True_ltac2,360,0.011,0.,0.011,,,,0.123,0.,0.123,0.113,0.,0.113,,,,,,,,,,0.112,0.,0.112
conj_True_ltac2,365,0.017,0.,0.017,,,,0.132,0.,0.132,0.117,0.,0.117,,,,,,,,,,0.115,0.,0.115
conj_True_ltac2,370,0.014,0.,0.014,,,,0.131,0.003,0.127,0.118,0.,0.118,,,,,,,,,,0.117,0.003,0.113
conj_True_ltac2,375,0.017,0.,0.017,,,,0.137,0.,0.137,0.122,0.,0.122,,,,,,,,,,0.119,0.,0.119
conj_True_ltac2,380,0.012,0.,0.012,,,,0.148,0.,0.148,0.128,0.,0.128,,,,,,,,,,0.135,0.,0.135
conj_True_ltac2,385,0.012,0.,0.012,,,,0.14,0.,0.14,0.126,0.,0.126,,,,,,,,,,0.128,0.,0.128
conj_True_ltac2,390,0.012,0.,0.012,,,,0.152,0.,0.152,0.135,0.,0.135,,,,,,,,,,0.14,0.,0.139
conj_True_ltac2,395,0.018,0.,0.018,,,,0.153,0.,0.153,0.142,0.,0.142,,,,,,,,,,0.135,0.,0.134
conj_True_ltac2,400,0.018,0.,0.018,,,,0.157,0.,0.157,0.146,0.,0.146,,,,,,,,,,0.138,0.,0.138
conj_True_ltac2,410,0.018,0.,0.018,,,,0.167,0.,0.167,0.143,0.,0.143,,,,,,,,,,0.149,0.,0.149
conj_True_ltac2,420,0.013,0.,0.013,,,,0.172,0.,0.172,0.151,0.,0.151,,,,,,,,,,0.158,0.,0.158
conj_True_ltac2,430,0.013,0.,0.013,,,,0.172,0.,0.172,0.16,0.,0.159,,,,,,,,,,0.158,0.,0.158
conj_True_ltac2,440,0.019,0.,0.019,,,,0.183,0.,0.183,0.169,0.,0.169,,,,,,,,,,0.164,0.,0.164
conj_True_ltac2,450,0.018,0.,0.018,,,,0.189,0.,0.188,0.175,0.,0.175,,,,,,,,,,0.17,0.,0.169
conj_True_ltac2,460,0.02,0.,0.02,,,,0.201,0.,0.201,0.183,0.,0.183,,,,,,,,,,0.181,0.,0.181
conj_True_ltac2,470,0.017,0.,0.017,,,,0.215,0.,0.215,0.199,0.,0.198,,,,,,,,,,0.197,0.,0.197
conj_True_ltac2,480,0.021,0.,0.021,,,,0.222,0.,0.222,0.215,0.,0.215,,,,,,,,,,0.201,0.,0.2
conj_True_ltac2,490,0.015,0.,0.015,,,,0.229,0.,0.229,0.214,0.,0.214,,,,,,,,,,0.213,0.,0.213
conj_True_ltac2,500,0.016,0.,0.016,,,,0.227,0.,0.227,0.214,0.,0.214,,,,,,,,,,0.211,0.,0.211
conj_True_ltac2,550,0.02,0.,0.02,,,,0.277,0.,0.277,0.26,0.,0.259,,,,,,,,,,0.257,0.,0.257
conj_True_ltac2,600,0.019,0.,0.019,,,,0.325,0.,0.325,0.307,0.,0.307,,,,,,,,,,0.306,0.,0.306
conj_True_ltac2,650,0.025,0.,0.025,,,,0.396,0.,0.395,0.381,0.,0.381,,,,,,,,,,0.37,0.,0.37
conj_True_ltac2,700,0.026,0.,0.026,,,,0.462,0.,0.462,0.419,0.,0.419,,,,,,,,,,0.435,0.,0.435
conj_True_ltac2,750,0.028,0.,0.028,,,,0.509,0.,0.509,0.48,0.,0.48,,,,,,,,,,0.481,0.,0.481
conj_True_ltac2,800,0.028,0.,0.028,,,,0.572,0.,0.571,0.576,0.,0.576,,,,,,,,,,0.543,0.,0.543
conj_True_ltac2,850,0.03,0.,0.03,,,,0.664,0.,0.664,0.624,0.,0.624,,,,,,,,,,0.634,0.,0.633
conj_True_ltac2,900,0.03,0.,0.03,,,,0.716,0.,0.716,0.695,0.,0.695,,,,,,,,,,0.686,0.,0.686
conj_True_ltac2,950,0.032,0.,0.032,,,,0.839,0.,0.838,0.774,0.,0.774,,,,,,,,,,0.806,0.,0.805
conj_True_ltac2,1000,0.033,0.,0.033,,,,0.885,0.,0.885,0.863,0.,0.862,,,,,,,,,,0.851,0.,0.851
conj_True_ltac2,1100,0.036,0.,0.036,,,,1.102,0.,1.101,1.034,0.,1.034,,,,,,,,,,1.065,0.,1.064
conj_True_ltac2,1200,0.039,0.,0.039,,,,1.268,0.,1.267,1.273,0.,1.272,,,,,,,,,,1.228,0.,1.227
conj_True_ltac2,1300,0.042,0.,0.042,,,,1.491,0.011,1.477,1.508,0.,1.504,,,,,,,,,,1.449,0.011,1.435
conj_True_ltac2,1400,0.046,0.,0.046,,,,1.723,0.003,1.714,1.728,0.,1.723,,,,,,,,,,1.677,0.003,1.668
conj_True_ltac2,1500,0.049,0.,0.049,,,,1.966,0.,1.964,1.981,0.,1.979,,,,,,,,,,1.916,0.,1.914
conj_True_ltac2,1600,0.054,0.,0.054,,,,2.244,0.,2.242,2.237,0.,2.235,,,,,,,,,,2.189,0.,2.187
conj_True_ltac2,1700,0.057,0.,0.057,,,,2.578,0.003,2.572,2.497,0.011,2.483,,,,,,,,,,2.52,0.003,2.514
conj_True_ltac2,1800,0.06,0.,0.06,,,,2.87,0.,2.868,2.838,0.,2.836,,,,,,,,,,2.809,0.,2.807
conj_True_ltac2,1900,0.062,0.,0.062,,,,3.186,0.,3.183,3.104,0.,3.102,,,,,,,,,,3.123,0.,3.121
conj_True_repeat_constructor,0,,,,,,,,,,,,,0.,0.,0.,,,,,,,,,
conj_True_repeat_constructor,1,,,,,,,,,,,,,0.,0.,0.,,,,,,,,,
conj_True_repeat_constructor,2,,,,,,,,,,,,,0.,0.,0.,,,,,,,,,
conj_True_repeat_constructor,3,,,,,,,,,,,,,0.,0.,0.,,,,,,,,,
conj_True_repeat_constructor,4,,,,,,,,,,,,,0.,0.,0.,,,,,,,,,
conj_True_repeat_constructor,5,,,,,,,,,,,,,0.,0.,0.,,,,,,,,,
conj_True_repeat_constructor,6,,,,,,,,,,,,,0.,0.,0.,,,,,,,,,
conj_True_repeat_constructor,7,,,,,,,,,,,,,0.,0.,0.,,,,,,,,,
conj_True_repeat_constructor,8,,,,,,,,,,,,,0.,0.,0.,,,,,,,,,
conj_True_repeat_constructor,9,,,,,,,,,,,,,0.,0.,0.,,,,,,,,,
conj_True_repeat_constructor,10,,,,,,,,,,,,,0.001,0.,0.001,,,,,,,,,
conj_True_repeat_constructor,11,,,,,,,,,,,,,0.001,0.,0.001,,,,,,,,,
conj_True_repeat_constructor,12,,,,,,,,,,,,,0.001,0.,0.001,,,,,,,,,
conj_True_repeat_constructor,13,,,,,,,,,,,,,0.001,0.,0.001,,,,,,,,,
conj_True_repeat_constructor,14,,,,,,,,,,,,,0.001,0.,0.001,,,,,,,,,
conj_True_repeat_constructor,15,,,,,,,,,,,,,0.001,0.001,0.,,,,,,,,,
conj_True_repeat_constructor,16,,,,,,,,,,,,,0.001,0.001,0.,,,,,,,,,
conj_True_repeat_constructor,17,,,,,,,,,,,,,0.002,0.,0.002,,,,,,,,,
conj_True_repeat_constructor,18,,,,,,,,,,,,,0.002,0.,0.002,,,,,,,,,
conj_True_repeat_constructor,19,,,,,,,,,,,,,0.002,0.002,0.,,,,,,,,,
conj_True_repeat_constructor,20,,,,,,,,,,,,,0.002,0.002,0.,,,,,,,,,
conj_True_repeat_constructor,21,,,,,,,,,,,,,0.002,0.001,0.001,,,,,,,,,
conj_True_repeat_constructor,22,,,,,,,,,,,,,0.002,0.,0.002,,,,,,,,,
conj_True_repeat_constructor,23,,,,,,,,,,,,,0.003,0.,0.003,,,,,,,,,
conj_True_repeat_constructor,24,,,,,,,,,,,,,0.003,0.003,0.,,,,,,,,,
conj_True_repeat_constructor,25,,,,,,,,,,,,,0.003,0.,0.003,,,,,,,,,
conj_True_repeat_constructor,26,,,,,,,,,,,,,0.003,0.,0.003,,,,,,,,,
conj_True_repeat_constructor,27,,,,,,,,,,,,,0.003,0.,0.003,,,,,,,,,
conj_True_repeat_constructor,28,,,,,,,,,,,,,0.003,0.003,0.,,,,,,,,,
conj_True_repeat_constructor,29,,,,,,,,,,,,,0.004,0.,0.004,,,,,,,,,
conj_True_repeat_constructor,30,,,,,,,,,,,,,0.004,0.,0.004,,,,,,,,,
conj_True_repeat_constructor,31,,,,,,,,,,,,,0.004,0.,0.004,,,,,,,,,
conj_True_repeat_constructor,32,,,,,,,,,,,,,0.004,0.,0.004,,,,,,,,,
conj_True_repeat_constructor,33,,,,,,,,,,,,,0.042,0.003,0.038,,,,,,,,,
conj_True_repeat_constructor,34,,,,,,,,,,,,,0.002,0.,0.002,,,,,,,,,
conj_True_repeat_constructor,35,,,,,,,,,,,,,0.003,0.,0.003,,,,,,,,,
conj_True_repeat_constructor,36,,,,,,,,,,,,,0.003,0.,0.003,,,,,,,,,
conj_True_repeat_constructor,37,,,,,,,,,,,,,0.003,0.,0.003,,,,,,,,,
conj_True_repeat_constructor,38,,,,,,,,,,,,,0.003,0.,0.003,,,,,,,,,
conj_True_repeat_constructor,39,,,,,,,,,,,,,0.003,0.,0.003,,,,,,,,,
conj_True_repeat_constructor,40,,,,,,,,,,,,,0.003,0.,0.003,,,,,,,,,
conj_True_repeat_constructor,41,,,,,,,,,,,,,0.003,0.,0.003,,,,,,,,,
conj_True_repeat_constructor,42,,,,,,,,,,,,,0.004,0.,0.004,,,,,,,,,
conj_True_repeat_constructor,43,,,,,,,,,,,,,0.004,0.,0.004,,,,,,,,,
conj_True_repeat_constructor,44,,,,,,,,,,,,,0.005,0.,0.005,,,,,,,,,
conj_True_repeat_constructor,45,,,,,,,,,,,,,0.004,0.,0.004,,,,,,,,,
conj_True_repeat_constructor,46,,,,,,,,,,,,,0.004,0.,0.004,,,,,,,,,
conj_True_repeat_constructor,47,,,,,,,,,,,,,0.004,0.,0.004,,,,,,,,,
conj_True_repeat_constructor,48,,,,,,,,,,,,,0.005,0.,0.005,,,,,,,,,
conj_True_repeat_constructor,49,,,,,,,,,,,,,0.005,0.,0.005,,,,,,,,,
conj_True_repeat_constructor,50,,,,,,,,,,,,,0.005,0.,0.005,,,,,,,,,
conj_True_repeat_constructor,51,,,,,,,,,,,,,0.005,0.,0.005,,,,,,,,,
conj_True_repeat_constructor,52,,,,,,,,,,,,,0.005,0.,0.005,,,,,,,,,
conj_True_repeat_constructor,53,,,,,,,,,,,,,0.007,0.,0.007,,,,,,,,,
conj_True_repeat_constructor,54,,,,,,,,,,,,,0.005,0.,0.005,,,,,,,,,
conj_True_repeat_constructor,55,,,,,,,,,,,,,0.005,0.,0.005,,,,,,,,,
conj_True_repeat_constructor,56,,,,,,,,,,,,,0.006,0.,0.006,,,,,,,,,
conj_True_repeat_constructor,57,,,,,,,,,,,,,0.006,0.,0.006,,,,,,,,,
conj_True_repeat_constructor,58,,,,,,,,,,,,,0.006,0.,0.006,,,,,,,,,
conj_True_repeat_constructor,59,,,,,,,,,,,,,0.006,0.,0.006,,,,,,,,,
conj_True_repeat_constructor,60,,,,,,,,,,,,,0.007,0.,0.007,,,,,,,,,
conj_True_repeat_constructor,61,,,,,,,,,,,,,0.006,0.,0.006,,,,,,,,,
conj_True_repeat_constructor,62,,,,,,,,,,,,,0.007,0.,0.007,,,,,,,,,
conj_True_repeat_constructor,63,,,,,,,,,,,,,0.007,0.,0.007,,,,,,,,,
conj_True_repeat_constructor,64,,,,,,,,,,,,,0.007,0.,0.007,,,,,,,,,
conj_True_repeat_constructor,65,,,,,,,,,,,,,0.008,0.,0.008,,,,,,,,,
conj_True_repeat_constructor,66,,,,,,,,,,,,,0.007,0.,0.007,,,,,,,,,
conj_True_repeat_constructor,67,,,,,,,,,,,,,0.008,0.,0.008,,,,,,,,,
conj_True_repeat_constructor,68,,,,,,,,,,,,,0.008,0.,0.008,,,,,,,,,
conj_True_repeat_constructor,69,,,,,,,,,,,,,0.008,0.,0.008,,,,,,,,,
conj_True_repeat_constructor,70,,,,,,,,,,,,,0.008,0.,0.008,,,,,,,,,
conj_True_repeat_constructor,71,,,,,,,,,,,,,0.009,0.,0.009,,,,,,,,,
conj_True_repeat_constructor,72,,,,,,,,,,,,,0.009,0.,0.009,,,,,,,,,
conj_True_repeat_constructor,73,,,,,,,,,,,,,0.009,0.,0.009,,,,,,,,,
conj_True_repeat_constructor,74,,,,,,,,,,,,,0.009,0.,0.009,,,,,,,,,
conj_True_repeat_constructor,75,,,,,,,,,,,,,0.009,0.,0.009,,,,,,,,,
conj_True_repeat_constructor,76,,,,,,,,,,,,,0.009,0.,0.009,,,,,,,,,
conj_True_repeat_constructor,77,,,,,,,,,,,,,0.01,0.,0.01,,,,,,,,,
conj_True_repeat_constructor,78,,,,,,,,,,,,,0.01,0.,0.01,,,,,,,,,
conj_True_repeat_constructor,79,,,,,,,,,,,,,0.011,0.,0.011,,,,,,,,,
conj_True_repeat_constructor,80,,,,,,,,,,,,,0.01,0.,0.01,,,,,,,,,
conj_True_repeat_constructor,81,,,,,,,,,,,,,0.01,0.,0.01,,,,,,,,,
conj_True_repeat_constructor,82,,,,,,,,,,,,,0.011,0.,0.011,,,,,,,,,
conj_True_repeat_constructor,83,,,,,,,,,,,,,0.016,0.,0.016,,,,,,,,,
conj_True_repeat_constructor,84,,,,,,,,,,,,,0.012,0.,0.012,,,,,,,,,
conj_True_repeat_constructor,85,,,,,,,,,,,,,0.012,0.,0.012,,,,,,,,,
conj_True_repeat_constructor,86,,,,,,,,,,,,,0.012,0.,0.012,,,,,,,,,
conj_True_repeat_constructor,87,,,,,,,,,,,,,0.012,0.,0.012,,,,,,,,,
conj_True_repeat_constructor,88,,,,,,,,,,,,,0.012,0.,0.012,,,,,,,,,
conj_True_repeat_constructor,89,,,,,,,,,,,,,0.012,0.,0.012,,,,,,,,,
conj_True_repeat_constructor,90,,,,,,,,,,,,,0.014,0.,0.014,,,,,,,,,
conj_True_repeat_constructor,91,,,,,,,,,,,,,0.013,0.,0.013,,,,,,,,,
conj_True_repeat_constructor,92,,,,,,,,,,,,,0.013,0.,0.013,,,,,,,,,
conj_True_repeat_constructor,93,,,,,,,,,,,,,0.015,0.,0.015,,,,,,,,,
conj_True_repeat_constructor,94,,,,,,,,,,,,,0.013,0.,0.013,,,,,,,,,
conj_True_repeat_constructor,95,,,,,,,,,,,,,0.014,0.,0.014,,,,,,,,,
conj_True_repeat_constructor,96,,,,,,,,,,,,,0.017,0.,0.017,,,,,,,,,
conj_True_repeat_constructor,97,,,,,,,,,,,,,0.014,0.,0.014,,,,,,,,,
conj_True_repeat_constructor,98,,,,,,,,,,,,,0.014,0.,0.014,,,,,,,,,
conj_True_repeat_constructor,99,,,,,,,,,,,,,0.016,0.,0.016,,,,,,,,,
conj_True_repeat_constructor,100,,,,,,,,,,,,,0.026,0.012,0.014,,,,,,,,,
conj_True_repeat_constructor,101,,,,,,,,,,,,,0.075,0.008,0.067,,,,,,,,,
conj_True_repeat_constructor,102,,,,,,,,,,,,,0.015,0.,0.015,,,,,,,,,
conj_True_repeat_constructor,103,,,,,,,,,,,,,0.018,0.,0.018,,,,,,,,,
conj_True_repeat_constructor,104,,,,,,,,,,,,,0.016,0.,0.016,,,,,,,,,
conj_True_repeat_constructor,105,,,,,,,,,,,,,0.016,0.,0.016,,,,,,,,,
conj_True_repeat_constructor,106,,,,,,,,,,,,,0.021,0.,0.021,,,,,,,,,
conj_True_repeat_constructor,107,,,,,,,,,,,,,0.017,0.,0.017,,,,,,,,,
conj_True_repeat_constructor,108,,,,,,,,,,,,,0.019,0.,0.019,,,,,,,,,
conj_True_repeat_constructor,109,,,,,,,,,,,,,0.017,0.,0.017,,,,,,,,,
conj_True_repeat_constructor,110,,,,,,,,,,,,,0.017,0.,0.017,,,,,,,,,
conj_True_repeat_constructor,111,,,,,,,,,,,,,0.018,0.,0.018,,,,,,,,,
conj_True_repeat_constructor,112,,,,,,,,,,,,,0.019,0.,0.019,,,,,,,,,
conj_True_repeat_constructor,113,,,,,,,,,,,,,0.019,0.,0.019,,,,,,,,,
conj_True_repeat_constructor,114,,,,,,,,,,,,,0.019,0.,0.019,,,,,,,,,
conj_True_repeat_constructor,115,,,,,,,,,,,,,0.021,0.,0.021,,,,,,,,,
conj_True_repeat_constructor,116,,,,,,,,,,,,,0.02,0.,0.02,,,,,,,,,
conj_True_repeat_constructor,117,,,,,,,,,,,,,0.022,0.,0.022,,,,,,,,,
conj_True_repeat_constructor,118,,,,,,,,,,,,,0.02,0.,0.02,,,,,,,,,
conj_True_repeat_constructor,119,,,,,,,,,,,,,0.024,0.,0.024,,,,,,,,,
conj_True_repeat_constructor,120,,,,,,,,,,,,,0.02,0.,0.02,,,,,,,,,
conj_True_repeat_constructor,121,,,,,,,,,,,,,0.023,0.,0.023,,,,,,,,,
conj_True_repeat_constructor,122,,,,,,,,,,,,,0.021,0.,0.021,,,,,,,,,
conj_True_repeat_constructor,123,,,,,,,,,,,,,0.025,0.,0.025,,,,,,,,,
conj_True_repeat_constructor,124,,,,,,,,,,,,,0.021,0.,0.021,,,,,,,,,
conj_True_repeat_constructor,125,,,,,,,,,,,,,0.023,0.,0.023,,,,,,,,,
conj_True_repeat_constructor,126,,,,,,,,,,,,,0.022,0.,0.022,,,,,,,,,
conj_True_repeat_constructor,127,,,,,,,,,,,,,0.026,0.,0.026,,,,,,,,,
conj_True_repeat_constructor,128,,,,,,,,,,,,,0.023,0.,0.023,,,,,,,,,
conj_True_repeat_constructor,129,,,,,,,,,,,,,0.023,0.,0.023,,,,,,,,,
conj_True_repeat_constructor,130,,,,,,,,,,,,,0.024,0.,0.024,,,,,,,,,
conj_True_repeat_constructor,131,,,,,,,,,,,,,0.024,0.,0.024,,,,,,,,,
conj_True_repeat_constructor,132,,,,,,,,,,,,,0.026,0.,0.026,,,,,,,,,
conj_True_repeat_constructor,133,,,,,,,,,,,,,0.025,0.,0.025,,,,,,,,,
conj_True_repeat_constructor,134,,,,,,,,,,,,,0.031,0.,0.031,,,,,,,,,
conj_True_repeat_constructor,135,,,,,,,,,,,,,0.03,0.,0.03,,,,,,,,,
conj_True_repeat_constructor,136,,,,,,,,,,,,,0.025,0.,0.025,,,,,,,,,
conj_True_repeat_constructor,137,,,,,,,,,,,,,0.032,0.,0.032,,,,,,,,,
conj_True_repeat_constructor,138,,,,,,,,,,,,,0.031,0.,0.031,,,,,,,,,
conj_True_repeat_constructor,139,,,,,,,,,,,,,0.026,0.,0.026,,,,,,,,,
conj_True_repeat_constructor,140,,,,,,,,,,,,,0.034,0.,0.034,,,,,,,,,
conj_True_repeat_constructor,141,,,,,,,,,,,,,0.027,0.,0.027,,,,,,,,,
conj_True_repeat_constructor,142,,,,,,,,,,,,,0.027,0.,0.027,,,,,,,,,
conj_True_repeat_constructor,143,,,,,,,,,,,,,0.028,0.,0.028,,,,,,,,,
conj_True_repeat_constructor,144,,,,,,,,,,,,,0.034,0.,0.034,,,,,,,,,
conj_True_repeat_constructor,145,,,,,,,,,,,,,0.028,0.,0.028,,,,,,,,,
conj_True_repeat_constructor,146,,,,,,,,,,,,,0.037,0.,0.037,,,,,,,,,
conj_True_repeat_constructor,147,,,,,,,,,,,,,0.034,0.,0.034,,,,,,,,,
conj_True_repeat_constructor,148,,,,,,,,,,,,,0.03,0.,0.03,,,,,,,,,
conj_True_repeat_constructor,149,,,,,,,,,,,,,0.039,0.003,0.035,,,,,,,,,
conj_True_repeat_constructor,150,,,,,,,,,,,,,0.033,0.003,0.03,,,,,,,,,
conj_True_repeat_constructor,151,,,,,,,,,,,,,0.035,0.,0.035,,,,,,,,,
conj_True_repeat_constructor,152,,,,,,,,,,,,,0.031,0.,0.031,,,,,,,,,
conj_True_repeat_constructor,153,,,,,,,,,,,,,0.032,0.,0.032,,,,,,,,,
conj_True_repeat_constructor,154,,,,,,,,,,,,,0.033,0.,0.033,,,,,,,,,
conj_True_repeat_constructor,155,,,,,,,,,,,,,0.038,0.,0.038,,,,,,,,,
conj_True_repeat_constructor,156,,,,,,,,,,,,,0.032,0.,0.032,,,,,,,,,
conj_True_repeat_constructor,157,,,,,,,,,,,,,0.04,0.,0.04,,,,,,,,,
conj_True_repeat_constructor,158,,,,,,,,,,,,,0.035,0.,0.035,,,,,,,,,
conj_True_repeat_constructor,159,,,,,,,,,,,,,0.036,0.,0.036,,,,,,,,,
conj_True_repeat_constructor,160,,,,,,,,,,,,,0.039,0.,0.039,,,,,,,,,
conj_True_repeat_constructor,161,,,,,,,,,,,,,0.04,0.,0.04,,,,,,,,,
conj_True_repeat_constructor,162,,,,,,,,,,,,,0.035,0.,0.035,,,,,,,,,
conj_True_repeat_constructor,163,,,,,,,,,,,,,0.035,0.,0.035,,,,,,,,,
conj_True_repeat_constructor,164,,,,,,,,,,,,,0.036,0.,0.036,,,,,,,,,
conj_True_repeat_constructor,165,,,,,,,,,,,,,0.038,0.,0.038,,,,,,,,,
conj_True_repeat_constructor,166,,,,,,,,,,,,,0.039,0.,0.039,,,,,,,,,
conj_True_repeat_constructor,167,,,,,,,,,,,,,0.042,0.,0.042,,,,,,,,,
conj_True_repeat_constructor,168,,,,,,,,,,,,,0.042,0.,0.042,,,,,,,,,
conj_True_repeat_constructor,169,,,,,,,,,,,,,0.044,0.,0.044,,,,,,,,,
conj_True_repeat_constructor,170,,,,,,,,,,,,,0.037,0.,0.037,,,,,,,,,
conj_True_repeat_constructor,171,,,,,,,,,,,,,0.038,0.,0.038,,,,,,,,,
conj_True_repeat_constructor,172,,,,,,,,,,,,,0.038,0.,0.038,,,,,,,,,
conj_True_repeat_constructor,173,,,,,,,,,,,,,0.039,0.,0.039,,,,,,,,,
conj_True_repeat_constructor,174,,,,,,,,,,,,,0.04,0.,0.04,,,,,,,,,
conj_True_repeat_constructor,175,,,,,,,,,,,,,0.04,0.,0.04,,,,,,,,,
conj_True_repeat_constructor,176,,,,,,,,,,,,,0.042,0.,0.042,,,,,,,,,
conj_True_repeat_constructor,177,,,,,,,,,,,,,0.042,0.,0.042,,,,,,,,,
conj_True_repeat_constructor,178,,,,,,,,,,,,,0.042,0.,0.042,,,,,,,,,
conj_True_repeat_constructor,179,,,,,,,,,,,,,0.042,0.,0.042,,,,,,,,,
conj_True_repeat_constructor,180,,,,,,,,,,,,,0.043,0.,0.043,,,,,,,,,
conj_True_repeat_constructor,181,,,,,,,,,,,,,0.043,0.,0.043,,,,,,,,,
conj_True_repeat_constructor,182,,,,,,,,,,,,,0.044,0.,0.044,,,,,,,,,
conj_True_repeat_constructor,183,,,,,,,,,,,,,0.045,0.,0.045,,,,,,,,,
conj_True_repeat_constructor,184,,,,,,,,,,,,,0.044,0.,0.044,,,,,,,,,
conj_True_repeat_constructor,185,,,,,,,,,,,,,0.053,0.,0.053,,,,,,,,,
conj_True_repeat_constructor,186,,,,,,,,,,,,,0.049,0.,0.049,,,,,,,,,
conj_True_repeat_constructor,187,,,,,,,,,,,,,0.052,0.,0.052,,,,,,,,,
conj_True_repeat_constructor,188,,,,,,,,,,,,,0.05,0.,0.05,,,,,,,,,
conj_True_repeat_constructor,189,,,,,,,,,,,,,0.051,0.,0.051,,,,,,,,,
conj_True_repeat_constructor,190,,,,,,,,,,,,,0.049,0.,0.049,,,,,,,,,
conj_True_repeat_constructor,191,,,,,,,,,,,,,0.05,0.,0.05,,,,,,,,,
conj_True_repeat_constructor,192,,,,,,,,,,,,,0.048,0.,0.048,,,,,,,,,
conj_True_repeat_constructor,193,,,,,,,,,,,,,0.048,0.,0.048,,,,,,,,,
conj_True_repeat_constructor,194,,,,,,,,,,,,,0.056,0.,0.056,,,,,,,,,
conj_True_repeat_constructor,195,,,,,,,,,,,,,0.053,0.,0.053,,,,,,,,,
conj_True_repeat_constructor,196,,,,,,,,,,,,,0.054,0.,0.054,,,,,,,,,
conj_True_repeat_constructor,197,,,,,,,,,,,,,0.052,0.,0.052,,,,,,,,,
conj_True_repeat_constructor,198,,,,,,,,,,,,,0.052,0.,0.052,,,,,,,,,
conj_True_repeat_constructor,199,,,,,,,,,,,,,0.06,0.,0.06,,,,,,,,,
conj_True_repeat_constructor,200,,,,,,,,,,,,,0.059,0.,0.059,,,,,,,,,
conj_True_repeat_constructor,201,,,,,,,,,,,,,0.055,0.,0.055,,,,,,,,,
conj_True_repeat_constructor,202,,,,,,,,,,,,,0.055,0.,0.055,,,,,,,,,
conj_True_repeat_constructor,203,,,,,,,,,,,,,0.056,0.,0.056,,,,,,,,,
conj_True_repeat_constructor,204,,,,,,,,,,,,,0.055,0.,0.055,,,,,,,,,
conj_True_repeat_constructor,205,,,,,,,,,,,,,0.06,0.,0.06,,,,,,,,,
conj_True_repeat_constructor,206,,,,,,,,,,,,,0.055,0.,0.055,,,,,,,,,
conj_True_repeat_constructor,207,,,,,,,,,,,,,0.062,0.,0.062,,,,,,,,,
conj_True_repeat_constructor,208,,,,,,,,,,,,,0.06,0.,0.06,,,,,,,,,
conj_True_repeat_constructor,209,,,,,,,,,,,,,0.068,0.,0.068,,,,,,,,,
conj_True_repeat_constructor,210,,,,,,,,,,,,,0.059,0.,0.059,,,,,,,,,
conj_True_repeat_constructor,211,,,,,,,,,,,,,0.062,0.,0.062,,,,,,,,,
conj_True_repeat_constructor,212,,,,,,,,,,,,,0.057,0.,0.057,,,,,,,,,
conj_True_repeat_constructor,213,,,,,,,,,,,,,0.064,0.,0.064,,,,,,,,,
conj_True_repeat_constructor,214,,,,,,,,,,,,,0.063,0.,0.063,,,,,,,,,
conj_True_repeat_constructor,215,,,,,,,,,,,,,0.073,0.,0.073,,,,,,,,,
conj_True_repeat_constructor,216,,,,,,,,,,,,,0.073,0.,0.073,,,,,,,,,
conj_True_repeat_constructor,217,,,,,,,,,,,,,0.062,0.,0.062,,,,,,,,,
conj_True_repeat_constructor,218,,,,,,,,,,,,,0.067,0.,0.067,,,,,,,,,
conj_True_repeat_constructor,219,,,,,,,,,,,,,0.066,0.,0.066,,,,,,,,,
conj_True_repeat_constructor,220,,,,,,,,,,,,,0.074,0.,0.074,,,,,,,,,
conj_True_repeat_constructor,221,,,,,,,,,,,,,0.08,0.,0.08,,,,,,,,,
conj_True_repeat_constructor,222,,,,,,,,,,,,,0.063,0.,0.063,,,,,,,,,
conj_True_repeat_constructor,223,,,,,,,,,,,,,0.077,0.,0.077,,,,,,,,,
conj_True_repeat_constructor,224,,,,,,,,,,,,,0.067,0.,0.067,,,,,,,,,
conj_True_repeat_constructor,225,,,,,,,,,,,,,0.068,0.,0.068,,,,,,,,,
conj_True_repeat_constructor,226,,,,,,,,,,,,,0.078,0.,0.078,,,,,,,,,
conj_True_repeat_constructor,227,,,,,,,,,,,,,0.07,0.,0.07,,,,,,,,,
conj_True_repeat_constructor,228,,,,,,,,,,,,,0.092,0.,0.092,,,,,,,,,
conj_True_repeat_constructor,229,,,,,,,,,,,,,0.084,0.003,0.08,,,,,,,,,
conj_True_repeat_constructor,230,,,,,,,,,,,,,0.083,0.,0.083,,,,,,,,,
conj_True_repeat_constructor,231,,,,,,,,,,,,,0.076,0.,0.076,,,,,,,,,
conj_True_repeat_constructor,232,,,,,,,,,,,,,0.072,0.,0.072,,,,,,,,,
conj_True_repeat_constructor,233,,,,,,,,,,,,,0.069,0.,0.069,,,,,,,,,
conj_True_repeat_constructor,234,,,,,,,,,,,,,0.072,0.,0.072,,,,,,,,,
conj_True_repeat_constructor,235,,,,,,,,,,,,,0.073,0.,0.073,,,,,,,,,
conj_True_repeat_constructor,236,,,,,,,,,,,,,0.084,0.,0.084,,,,,,,,,
conj_True_repeat_constructor,237,,,,,,,,,,,,,0.075,0.,0.075,,,,,,,,,
conj_True_repeat_constructor,238,,,,,,,,,,,,,0.092,0.,0.092,,,,,,,,,
conj_True_repeat_constructor,239,,,,,,,,,,,,,0.078,0.003,0.074,,,,,,,,,
conj_True_repeat_constructor,240,,,,,,,,,,,,,0.094,0.,0.094,,,,,,,,,
conj_True_repeat_constructor,241,,,,,,,,,,,,,0.084,0.,0.084,,,,,,,,,
conj_True_repeat_constructor,242,,,,,,,,,,,,,0.071,0.,0.071,,,,,,,,,
conj_True_repeat_constructor,243,,,,,,,,,,,,,0.091,0.,0.091,,,,,,,,,
conj_True_repeat_constructor,244,,,,,,,,,,,,,0.075,0.,0.075,,,,,,,,,
conj_True_repeat_constructor,245,,,,,,,,,,,,,0.082,0.,0.082,,,,,,,,,
conj_True_repeat_constructor,246,,,,,,,,,,,,,0.079,0.,0.079,,,,,,,,,
conj_True_repeat_constructor,247,,,,,,,,,,,,,0.075,0.,0.075,,,,,,,,,
conj_True_repeat_constructor,248,,,,,,,,,,,,,0.083,0.,0.083,,,,,,,,,
conj_True_repeat_constructor,249,,,,,,,,,,,,,0.078,0.003,0.074,,,,,,,,,
conj_True_repeat_constructor,250,,,,,,,,,,,,,0.088,0.,0.088,,,,,,,,,
conj_True_repeat_constructor,251,,,,,,,,,,,,,0.082,0.,0.082,,,,,,,,,
conj_True_repeat_constructor,252,,,,,,,,,,,,,0.085,0.,0.085,,,,,,,,,
conj_True_repeat_constructor,253,,,,,,,,,,,,,0.084,0.,0.084,,,,,,,,,
conj_True_repeat_constructor,254,,,,,,,,,,,,,0.092,0.,0.092,,,,,,,,,
conj_True_repeat_constructor,255,,,,,,,,,,,,,0.086,0.,0.086,,,,,,,,,
conj_True_repeat_constructor,256,,,,,,,,,,,,,0.095,0.,0.095,,,,,,,,,
conj_True_repeat_constructor,257,,,,,,,,,,,,,0.089,0.,0.089,,,,,,,,,
conj_True_repeat_constructor,258,,,,,,,,,,,,,0.096,0.,0.096,,,,,,,,,
conj_True_repeat_constructor,259,,,,,,,,,,,,,0.089,0.,0.089,,,,,,,,,
conj_True_repeat_constructor,260,,,,,,,,,,,,,0.098,0.,0.098,,,,,,,,,
conj_True_repeat_constructor,261,,,,,,,,,,,,,0.092,0.,0.092,,,,,,,,,
conj_True_repeat_constructor,262,,,,,,,,,,,,,0.097,0.,0.097,,,,,,,,,
conj_True_repeat_constructor,263,,,,,,,,,,,,,0.092,0.,0.092,,,,,,,,,
conj_True_repeat_constructor,264,,,,,,,,,,,,,0.099,0.,0.099,,,,,,,,,
conj_True_repeat_constructor,265,,,,,,,,,,,,,0.092,0.,0.092,,,,,,,,,
conj_True_repeat_constructor,266,,,,,,,,,,,,,0.099,0.,0.099,,,,,,,,,
conj_True_repeat_constructor,267,,,,,,,,,,,,,0.092,0.,0.092,,,,,,,,,
conj_True_repeat_constructor,268,,,,,,,,,,,,,0.1,0.,0.1,,,,,,,,,
conj_True_repeat_constructor,269,,,,,,,,,,,,,0.093,0.,0.093,,,,,,,,,
conj_True_repeat_constructor,270,,,,,,,,,,,,,0.102,0.,0.102,,,,,,,,,
conj_True_repeat_constructor,271,,,,,,,,,,,,,0.099,0.,0.099,,,,,,,,,
conj_True_repeat_constructor,272,,,,,,,,,,,,,0.128,0.,0.128,,,,,,,,,
conj_True_repeat_constructor,273,,,,,,,,,,,,,0.113,0.,0.113,,,,,,,,,
conj_True_repeat_constructor,274,,,,,,,,,,,,,0.123,0.,0.123,,,,,,,,,
conj_True_repeat_constructor,275,,,,,,,,,,,,,0.127,0.,0.127,,,,,,,,,
conj_True_repeat_constructor,276,,,,,,,,,,,,,0.12,0.,0.12,,,,,,,,,
conj_True_repeat_constructor,277,,,,,,,,,,,,,0.107,0.,0.107,,,,,,,,,
conj_True_repeat_constructor,278,,,,,,,,,,,,,0.114,0.,0.114,,,,,,,,,
conj_True_repeat_constructor,279,,,,,,,,,,,,,0.105,0.,0.105,,,,,,,,,
conj_True_repeat_constructor,280,,,,,,,,,,,,,0.102,0.,0.102,,,,,,,,,
conj_True_repeat_constructor,281,,,,,,,,,,,,,0.1,0.,0.1,,,,,,,,,
conj_True_repeat_constructor,282,,,,,,,,,,,,,0.104,0.,0.104,,,,,,,,,
conj_True_repeat_constructor,283,,,,,,,,,,,,,0.11,0.,0.11,,,,,,,,,
conj_True_repeat_constructor,284,,,,,,,,,,,,,0.102,0.,0.102,,,,,,,,,
conj_True_repeat_constructor,285,,,,,,,,,,,,,0.125,0.,0.125,,,,,,,,,
conj_True_repeat_constructor,286,,,,,,,,,,,,,0.112,0.,0.112,,,,,,,,,
conj_True_repeat_constructor,287,,,,,,,,,,,,,0.113,0.,0.113,,,,,,,,,
conj_True_repeat_constructor,288,,,,,,,,,,,,,0.121,0.,0.121,,,,,,,,,
conj_True_repeat_constructor,289,,,,,,,,,,,,,0.111,0.003,0.107,,,,,,,,,
conj_True_repeat_constructor,290,,,,,,,,,,,,,0.124,0.,0.124,,,,,,,,,
conj_True_repeat_constructor,291,,,,,,,,,,,,,0.106,0.,0.106,,,,,,,,,
conj_True_repeat_constructor,292,,,,,,,,,,,,,0.11,0.,0.11,,,,,,,,,
conj_True_repeat_constructor,293,,,,,,,,,,,,,0.116,0.,0.116,,,,,,,,,
conj_True_repeat_constructor,294,,,,,,,,,,,,,0.12,0.,0.12,,,,,,,,,
conj_True_repeat_constructor,295,,,,,,,,,,,,,0.124,0.,0.124,,,,,,,,,
conj_True_repeat_constructor,296,,,,,,,,,,,,,0.126,0.,0.126,,,,,,,,,
conj_True_repeat_constructor,297,,,,,,,,,,,,,0.125,0.,0.125,,,,,,,,,
conj_True_repeat_constructor,298,,,,,,,,,,,,,0.127,0.,0.127,,,,,,,,,
conj_True_repeat_constructor,299,,,,,,,,,,,,,0.125,0.,0.125,,,,,,,,,
conj_True_repeat_constructor,300,,,,,,,,,,,,,0.116,0.,0.116,,,,,,,,,
conj_True_repeat_constructor,305,,,,,,,,,,,,,0.125,0.,0.125,,,,,,,,,
conj_True_repeat_constructor,310,,,,,,,,,,,,,0.137,0.,0.137,,,,,,,,,
conj_True_repeat_constructor,315,,,,,,,,,,,,,0.171,0.,0.171,,,,,,,,,
conj_True_repeat_constructor,320,,,,,,,,,,,,,0.151,0.,0.151,,,,,,,,,
conj_True_repeat_constructor,325,,,,,,,,,,,,,0.16,0.,0.16,,,,,,,,,
conj_True_repeat_constructor,330,,,,,,,,,,,,,0.146,0.,0.146,,,,,,,,,
conj_True_repeat_constructor,335,,,,,,,,,,,,,0.161,0.,0.161,,,,,,,,,
conj_True_repeat_constructor,340,,,,,,,,,,,,,0.154,0.,0.154,,,,,,,,,
conj_True_repeat_constructor,345,,,,,,,,,,,,,0.176,0.,0.176,,,,,,,,,
conj_True_repeat_constructor,350,,,,,,,,,,,,,0.173,0.,0.173,,,,,,,,,
conj_True_repeat_constructor,355,,,,,,,,,,,,,0.173,0.,0.173,,,,,,,,,
conj_True_repeat_constructor,360,,,,,,,,,,,,,0.184,0.,0.184,,,,,,,,,
conj_True_repeat_constructor,365,,,,,,,,,,,,,0.178,0.,0.178,,,,,,,,,
conj_True_repeat_constructor,370,,,,,,,,,,,,,0.183,0.,0.183,,,,,,,,,
conj_True_repeat_constructor,375,,,,,,,,,,,,,0.175,0.,0.175,,,,,,,,,
conj_True_repeat_constructor,380,,,,,,,,,,,,,0.18,0.,0.18,,,,,,,,,
conj_True_repeat_constructor,385,,,,,,,,,,,,,0.186,0.,0.186,,,,,,,,,
conj_True_repeat_constructor,390,,,,,,,,,,,,,0.188,0.,0.188,,,,,,,,,
conj_True_repeat_constructor,395,,,,,,,,,,,,,0.201,0.,0.201,,,,,,,,,
conj_True_repeat_constructor,400,,,,,,,,,,,,,0.208,0.,0.208,,,,,,,,,
conj_True_repeat_constructor,410,,,,,,,,,,,,,0.233,0.,0.233,,,,,,,,,
conj_True_repeat_constructor,420,,,,,,,,,,,,,0.258,0.,0.258,,,,,,,,,
conj_True_repeat_constructor,430,,,,,,,,,,,,,0.234,0.,0.234,,,,,,,,,
conj_True_repeat_constructor,440,,,,,,,,,,,,,0.253,0.,0.253,,,,,,,,,
conj_True_repeat_constructor,450,,,,,,,,,,,,,0.256,0.,0.256,,,,,,,,,
conj_True_repeat_constructor,460,,,,,,,,,,,,,0.278,0.,0.278,,,,,,,,,
conj_True_repeat_constructor,470,,,,,,,,,,,,,0.323,0.,0.323,,,,,,,,,
conj_True_repeat_constructor,480,,,,,,,,,,,,,0.3,0.,0.3,,,,,,,,,
conj_True_repeat_constructor,490,,,,,,,,,,,,,0.318,0.,0.318,,,,,,,,,
conj_True_repeat_constructor,500,,,,,,,,,,,,,0.325,0.,0.325,,,,,,,,,
conj_True_repeat_constructor,550,,,,,,,,,,,,,0.42,0.,0.42,,,,,,,,,
conj_True_repeat_constructor,600,,,,,,,,,,,,,0.499,0.007,0.49,,,,,,,,,
conj_True_repeat_constructor,650,,,,,,,,,,,,,0.6,0.,0.6,,,,,,,,,
conj_True_repeat_constructor,700,,,,,,,,,,,,,0.732,0.,0.73,,,,,,,,,
conj_True_repeat_constructor,750,,,,,,,,,,,,,0.78,0.,0.778,,,,,,,,,
conj_True_repeat_constructor,800,,,,,,,,,,,,,0.922,0.,0.92,,,,,,,,,
conj_True_repeat_constructor,850,,,,,,,,,,,,,1.014,0.,1.011,,,,,,,,,
conj_True_repeat_constructor,900,,,,,,,,,,,,,1.135,0.,1.131,,,,,,,,,
conj_True_repeat_constructor,950,,,,,,,,,,,,,1.303,0.007,1.293,,,,,,,,,
conj_True_repeat_constructor,1000,,,,,,,,,,,,,1.586,0.007,1.577,,,,,,,,,
conj_True_repeat_constructor,1100,,,,,,,,,,,,,1.667,0.,1.666,,,,,,,,,
conj_True_repeat_constructor,1200,,,,,,,,,,,,,2.002,0.011,1.988,,,,,,,,,
conj_True_repeat_constructor,1300,,,,,,,,,,,,,2.433,0.,2.431,,,,,,,,,
conj_True_repeat_constructor,1400,,,,,,,,,,,,,2.722,0.007,2.712,,,,,,,,,
conj_True_repeat_constructor,1500,,,,,,,,,,,,,3.144,0.051,3.089,,,,,,,,,
conj_True_repeat_constructor,1600,,,,,,,,,,,,,3.546,0.,3.543,,,,,,,,,
conj_True_repeat_constructor,1700,,,,,,,,,,,,,4.309,0.,4.305,,,,,,,,,
conj_True_repeat_constructor,1800,,,,,,,,,,,,,4.367,0.,4.363,,,,,,,,,
conj_True_repeat_constructor,1900,,,,,,,,,,,,,5.325,0.,5.32,,,,,,,,,
conj_True_uconstr,0,0.,0.,0.,0.,0.,0.,,,,0.,0.,0.,,,,0.,0.,0.,0.,0.,0.,,,
conj_True_uconstr,1,0.,0.,0.,0.,0.,0.,,,,0.,0.,0.,,,,0.,0.,0.,0.,0.,0.,,,
conj_True_uconstr,2,0.,0.,0.,0.,0.,0.,,,,0.,0.,0.,,,,0.,0.,0.,0.,0.,0.,,,
conj_True_uconstr,3,0.,0.,0.,0.,0.,0.,,,,0.,0.,0.,,,,0.,0.,0.,0.,0.,0.,,,
conj_True_uconstr,4,0.,0.,0.,0.,0.,0.,,,,0.,0.,0.,,,,0.,0.,0.,0.,0.,0.,,,
conj_True_uconstr,5,0.,0.,0.,0.,0.,0.,,,,0.,0.,0.,,,,0.,0.,0.,0.,0.,0.,,,
conj_True_uconstr,6,0.,0.,0.,0.,0.,0.,,,,0.,0.,0.,,,,0.,0.,0.,0.,0.,0.,,,
conj_True_uconstr,7,0.,0.,0.,0.001,0.001,0.,,,,0.,0.,0.,,,,0.,0.,0.,0.,0.,0.,,,
conj_True_uconstr,8,0.,0.,0.,0.001,0.001,0.,,,,0.,0.,0.,,,,0.,0.,0.,0.,0.,0.,,,
conj_True_uconstr,9,0.,0.,0.,0.001,0.001,0.,,,,0.,0.,0.,,,,0.,0.,0.,0.,0.,0.,,,
conj_True_uconstr,10,0.,0.,0.,0.001,0.001,0.,,,,0.,0.,0.,,,,0.,0.,0.,0.,0.,0.,,,
conj_True_uconstr,11,0.,0.,0.,0.001,0.,0.001,,,,0.,0.,0.,,,,0.,0.,0.,0.,0.,0.,,,
conj_True_uconstr,12,0.,0.,0.,0.002,0.,0.001,,,,0.,0.,0.,,,,0.,0.,0.,0.,0.,0.,,,
conj_True_uconstr,13,0.,0.,0.,0.002,0.,0.001,,,,0.,0.,0.,,,,0.,0.,0.,0.,0.,0.,,,
conj_True_uconstr,14,0.,0.,0.,0.002,0.,0.002,,,,0.,0.,0.,,,,0.,0.,0.,0.,0.,0.,,,
conj_True_uconstr,15,0.,0.,0.,0.002,0.,0.002,,,,0.,0.,0.,,,,0.001,0.,0.001,0.,0.,0.,,,
conj_True_uconstr,16,0.,0.,0.,0.002,0.002,0.,,,,0.,0.,0.,,,,0.001,0.001,0.,0.,0.,0.,,,
conj_True_uconstr,17,0.001,0.,0.,0.003,0.002,0.,,,,0.,0.,0.,,,,0.001,0.001,0.,0.,0.,0.,,,
conj_True_uconstr,18,0.001,0.001,0.,0.003,0.003,0.,,,,0.,0.,0.,,,,0.001,0.001,0.,0.,0.,0.,,,
conj_True_uconstr,19,0.001,0.001,0.,0.003,0.001,0.002,,,,0.,0.,0.,,,,0.001,0.,0.001,0.,0.,0.,,,
conj_True_uconstr,20,0.001,0.,0.,0.003,0.003,0.,,,,0.,0.,0.,,,,0.001,0.001,0.,0.,0.,0.,,,
conj_True_uconstr,21,0.001,0.001,0.,0.004,0.001,0.003,,,,0.,0.,0.,,,,0.001,0.,0.001,0.,0.,0.,,,
conj_True_uconstr,22,0.001,0.,0.001,0.004,0.,0.004,,,,0.,0.,0.,,,,0.001,0.,0.001,0.,0.,0.,,,
conj_True_uconstr,23,0.001,0.,0.001,0.004,0.,0.004,,,,0.,0.,0.,,,,0.002,0.,0.002,0.001,0.,0.001,,,
conj_True_uconstr,24,0.001,0.,0.001,0.004,0.,0.004,,,,0.,0.,0.,,,,0.002,0.,0.002,0.001,0.,0.001,,,
conj_True_uconstr,25,0.001,0.,0.001,0.005,0.003,0.001,,,,0.,0.,0.,,,,0.002,0.002,0.,0.001,0.001,0.,,,
conj_True_uconstr,26,0.001,0.,0.001,0.005,0.,0.005,,,,0.,0.,0.,,,,0.002,0.,0.002,0.001,0.,0.001,,,
conj_True_uconstr,27,0.041,0.003,0.037,0.043,0.005,0.038,,,,0.,0.,0.,,,,0.001,0.,0.001,0.,0.,0.,,,
conj_True_uconstr,28,0.,0.,0.,0.003,0.002,0.,,,,0.,0.,0.,,,,0.001,0.001,0.,0.,0.,0.,,,
conj_True_uconstr,29,0.,0.,0.,0.003,0.,0.002,,,,0.,0.,0.,,,,0.001,0.,0.001,0.,0.,0.,,,
conj_True_uconstr,30,0.,0.,0.,0.003,0.,0.003,,,,0.,0.,0.,,,,0.001,0.,0.001,0.,0.,0.,,,
conj_True_uconstr,31,0.,0.,0.,0.003,0.,0.003,,,,0.,0.,0.,,,,0.001,0.,0.001,0.001,0.,0.001,,,
conj_True_uconstr,32,0.,0.,0.,0.003,0.,0.003,,,,0.,0.,0.,,,,0.001,0.,0.001,0.001,0.,0.001,,,
conj_True_uconstr,33,0.,0.,0.,0.004,0.,0.004,,,,0.,0.,0.,,,,0.002,0.,0.002,0.001,0.,0.001,,,
conj_True_uconstr,34,0.,0.,0.,0.004,0.,0.004,,,,0.,0.,0.,,,,0.002,0.,0.002,0.001,0.,0.001,,,
conj_True_uconstr,35,0.,0.,0.,0.004,0.,0.004,,,,0.,0.,0.,,,,0.002,0.,0.002,0.001,0.,0.001,,,
conj_True_uconstr,36,0.,0.,0.,0.005,0.,0.005,,,,0.,0.,0.,,,,0.003,0.,0.003,0.001,0.,0.001,,,
conj_True_uconstr,37,0.,0.,0.,0.005,0.,0.005,,,,0.,0.,0.,,,,0.002,0.,0.002,0.001,0.,0.001,,,
conj_True_uconstr,38,0.,0.,0.,0.005,0.,0.005,,,,0.,0.,0.,,,,0.002,0.,0.002,0.001,0.,0.001,,,
conj_True_uconstr,39,0.,0.,0.,0.005,0.,0.005,,,,0.,0.,0.,,,,0.002,0.,0.002,0.001,0.,0.001,,,
conj_True_uconstr,40,0.,0.,0.,0.005,0.,0.005,,,,0.,0.,0.,,,,0.002,0.,0.002,0.001,0.,0.001,,,
conj_True_uconstr,41,0.,0.,0.,0.006,0.,0.006,,,,0.,0.,0.,,,,0.003,0.,0.003,0.001,0.,0.001,,,
conj_True_uconstr,42,0.001,0.,0.001,0.006,0.,0.006,,,,0.,0.,0.,,,,0.003,0.,0.003,0.001,0.,0.001,,,
conj_True_uconstr,43,0.001,0.,0.001,0.006,0.,0.006,,,,0.,0.,0.,,,,0.003,0.,0.003,0.001,0.,0.001,,,
conj_True_uconstr,44,0.001,0.,0.001,0.006,0.,0.006,,,,0.,0.,0.,,,,0.003,0.,0.003,0.001,0.,0.001,,,
conj_True_uconstr,45,0.001,0.,0.001,0.007,0.,0.007,,,,0.,0.,0.,,,,0.003,0.,0.003,0.002,0.,0.002,,,
conj_True_uconstr,46,0.001,0.,0.001,0.007,0.,0.007,,,,0.,0.,0.,,,,0.003,0.,0.003,0.002,0.,0.002,,,
conj_True_uconstr,47,0.001,0.,0.001,0.007,0.,0.007,,,,0.,0.,0.,,,,0.004,0.,0.004,0.001,0.,0.001,,,
conj_True_uconstr,48,0.001,0.,0.001,0.008,0.,0.008,,,,0.,0.,0.,,,,0.004,0.,0.004,0.002,0.,0.002,,,
conj_True_uconstr,49,0.001,0.,0.001,0.008,0.,0.008,,,,0.,0.,0.,,,,0.004,0.,0.004,0.002,0.,0.002,,,
conj_True_uconstr,50,0.001,0.,0.001,0.008,0.,0.008,,,,0.,0.,0.,,,,0.004,0.,0.004,0.002,0.,0.002,,,
conj_True_uconstr,51,0.001,0.,0.001,0.009,0.,0.009,,,,0.,0.,0.,,,,0.004,0.,0.004,0.003,0.,0.003,,,
conj_True_uconstr,52,0.001,0.,0.001,0.009,0.,0.009,,,,0.,0.,0.,,,,0.004,0.,0.004,0.002,0.,0.002,,,
conj_True_uconstr,53,0.001,0.,0.001,0.009,0.,0.009,,,,0.,0.,0.,,,,0.005,0.,0.005,0.002,0.,0.002,,,
conj_True_uconstr,54,0.001,0.,0.001,0.009,0.,0.009,,,,0.,0.,0.,,,,0.005,0.,0.005,0.003,0.,0.003,,,
conj_True_uconstr,55,0.001,0.,0.001,0.01,0.,0.01,,,,0.,0.,0.,,,,0.005,0.,0.005,0.002,0.,0.002,,,
conj_True_uconstr,56,0.001,0.,0.001,0.01,0.,0.01,,,,0.,0.,0.,,,,0.005,0.,0.005,0.003,0.,0.003,,,
conj_True_uconstr,57,0.001,0.,0.001,0.01,0.,0.01,,,,0.,0.,0.,,,,0.005,0.,0.005,0.003,0.,0.003,,,
conj_True_uconstr,58,0.001,0.,0.001,0.012,0.,0.012,,,,0.,0.,0.,,,,0.006,0.,0.006,0.004,0.,0.004,,,
conj_True_uconstr,59,0.001,0.,0.001,0.011,0.,0.011,,,,0.,0.,0.,,,,0.006,0.,0.006,0.003,0.,0.003,,,
conj_True_uconstr,60,0.001,0.,0.001,0.012,0.,0.012,,,,0.,0.,0.,,,,0.006,0.,0.006,0.003,0.,0.003,,,
conj_True_uconstr,61,0.001,0.,0.001,0.013,0.,0.013,,,,0.,0.,0.,,,,0.006,0.,0.006,0.004,0.,0.004,,,
conj_True_uconstr,62,0.001,0.,0.001,0.013,0.003,0.01,,,,0.,0.,0.,,,,0.007,0.,0.007,0.004,0.003,0.001,,,
conj_True_uconstr,63,0.001,0.,0.001,0.013,0.,0.013,,,,0.,0.,0.,,,,0.007,0.,0.007,0.004,0.,0.004,,,
conj_True_uconstr,64,0.001,0.,0.001,0.015,0.,0.015,,,,0.,0.,0.,,,,0.009,0.,0.009,0.004,0.,0.004,,,
conj_True_uconstr,65,0.001,0.,0.001,0.014,0.,0.014,,,,0.,0.,0.,,,,0.007,0.,0.007,0.004,0.,0.004,,,
conj_True_uconstr,66,0.001,0.,0.001,0.014,0.,0.014,,,,0.,0.,0.,,,,0.007,0.,0.007,0.004,0.,0.004,,,
conj_True_uconstr,67,0.001,0.,0.001,0.015,0.,0.015,,,,0.,0.,0.,,,,0.008,0.,0.008,0.004,0.,0.004,,,
conj_True_uconstr,68,0.001,0.,0.001,0.015,0.,0.015,,,,0.,0.,0.,,,,0.008,0.,0.008,0.005,0.,0.005,,,
conj_True_uconstr,69,0.001,0.,0.001,0.017,0.,0.017,,,,0.,0.,0.,,,,0.009,0.,0.009,0.005,0.,0.005,,,
conj_True_uconstr,70,0.001,0.,0.001,0.016,0.,0.016,,,,0.,0.,0.,,,,0.008,0.,0.008,0.005,0.,0.005,,,
conj_True_uconstr,71,0.001,0.,0.001,0.017,0.,0.017,,,,0.,0.,0.,,,,0.009,0.,0.009,0.006,0.,0.006,,,
conj_True_uconstr,72,0.001,0.,0.001,0.017,0.,0.017,,,,0.,0.,0.,,,,0.009,0.,0.009,0.005,0.,0.005,,,
conj_True_uconstr,73,0.001,0.,0.001,0.018,0.,0.018,,,,0.,0.,0.,,,,0.009,0.,0.009,0.005,0.,0.005,,,
conj_True_uconstr,74,0.004,0.,0.004,0.02,0.,0.02,,,,0.,0.,0.,,,,0.01,0.,0.01,0.006,0.,0.006,,,
conj_True_uconstr,75,0.001,0.,0.001,0.019,0.,0.019,,,,0.,0.,0.,,,,0.01,0.,0.01,0.006,0.,0.006,,,
conj_True_uconstr,76,0.002,0.,0.002,0.02,0.,0.02,,,,0.,0.,0.,,,,0.01,0.,0.01,0.006,0.,0.006,,,
conj_True_uconstr,77,0.001,0.,0.001,0.02,0.,0.02,,,,0.,0.,0.,,,,0.011,0.,0.011,0.006,0.,0.006,,,
conj_True_uconstr,78,0.003,0.,0.003,0.021,0.,0.021,,,,0.,0.,0.,,,,0.011,0.,0.011,0.006,0.,0.006,,,
conj_True_uconstr,79,0.001,0.,0.001,0.021,0.,0.021,,,,0.,0.,0.,,,,0.011,0.,0.011,0.007,0.,0.007,,,
conj_True_uconstr,80,0.001,0.,0.001,0.021,0.,0.021,,,,0.,0.,0.,,,,0.011,0.,0.011,0.006,0.,0.006,,,
conj_True_uconstr,81,0.002,0.,0.002,0.024,0.,0.024,,,,0.,0.,0.,,,,0.014,0.,0.014,0.007,0.,0.007,,,
conj_True_uconstr,82,0.002,0.,0.002,0.022,0.,0.022,,,,0.,0.,0.,,,,0.012,0.,0.012,0.007,0.,0.007,,,
conj_True_uconstr,83,0.002,0.,0.002,0.023,0.,0.023,,,,0.,0.,0.,,,,0.013,0.,0.013,0.007,0.,0.007,,,
conj_True_uconstr,84,0.002,0.,0.002,0.025,0.,0.025,,,,0.,0.,0.,,,,0.012,0.,0.012,0.009,0.,0.009,,,
conj_True_uconstr,85,0.002,0.,0.002,0.023,0.,0.023,,,,0.,0.,0.,,,,0.013,0.,0.013,0.007,0.,0.007,,,
conj_True_uconstr,86,0.002,0.,0.002,0.023,0.,0.023,,,,0.,0.,0.,,,,0.014,0.,0.014,0.007,0.,0.007,,,
conj_True_uconstr,87,0.002,0.,0.002,0.024,0.,0.024,,,,0.,0.,0.,,,,0.013,0.,0.013,0.008,0.,0.008,,,
conj_True_uconstr,88,0.003,0.,0.003,0.027,0.,0.027,,,,0.,0.,0.,,,,0.014,0.,0.014,0.008,0.,0.008,,,
conj_True_uconstr,89,0.002,0.,0.002,0.025,0.,0.025,,,,0.,0.,0.,,,,0.015,0.,0.015,0.007,0.,0.007,,,
conj_True_uconstr,90,0.002,0.,0.002,0.027,0.,0.027,,,,0.,0.,0.,,,,0.014,0.,0.014,0.009,0.,0.009,,,
conj_True_uconstr,91,0.004,0.,0.004,0.03,0.,0.03,,,,0.,0.,0.,,,,0.015,0.,0.015,0.009,0.,0.009,,,
conj_True_uconstr,92,0.002,0.,0.002,0.027,0.,0.027,,,,0.,0.,0.,,,,0.015,0.,0.015,0.008,0.,0.008,,,
conj_True_uconstr,93,0.002,0.,0.002,0.03,0.,0.03,,,,0.,0.,0.,,,,0.015,0.,0.015,0.011,0.,0.011,,,
conj_True_uconstr,94,0.002,0.,0.002,0.029,0.,0.029,,,,0.,0.,0.,,,,0.016,0.,0.016,0.01,0.,0.01,,,
conj_True_uconstr,95,0.002,0.,0.002,0.03,0.,0.03,,,,0.,0.,0.,,,,0.016,0.,0.016,0.009,0.,0.009,,,
conj_True_uconstr,96,0.002,0.,0.002,0.031,0.,0.031,,,,0.001,0.,0.001,,,,0.017,0.,0.017,0.01,0.,0.01,,,
conj_True_uconstr,97,0.002,0.,0.002,0.029,0.,0.029,,,,0.,0.,0.,,,,0.018,0.,0.018,0.008,0.,0.008,,,
conj_True_uconstr,98,0.002,0.,0.002,0.033,0.,0.033,,,,0.001,0.,0.001,,,,0.017,0.,0.017,0.012,0.,0.012,,,
conj_True_uconstr,99,0.002,0.,0.002,0.032,0.,0.032,,,,0.001,0.,0.001,,,,0.018,0.,0.018,0.01,0.,0.01,,,
conj_True_uconstr,100,0.005,0.004,0.,0.106,0.008,0.098,,,,0.,0.,0.,,,,0.091,0.003,0.087,0.009,0.,0.009,,,
conj_True_uconstr,101,0.002,0.,0.002,0.032,0.,0.032,,,,0.,0.,0.,,,,0.019,0.,0.019,0.009,0.,0.009,,,
conj_True_uconstr,102,0.002,0.,0.002,0.037,0.,0.037,,,,0.001,0.,0.001,,,,0.018,0.,0.018,0.014,0.,0.014,,,
conj_True_uconstr,103,0.002,0.,0.002,0.036,0.,0.036,,,,0.,0.,0.,,,,0.019,0.,0.019,0.013,0.,0.013,,,
conj_True_uconstr,104,0.002,0.,0.002,0.035,0.,0.035,,,,0.001,0.,0.001,,,,0.019,0.,0.019,0.012,0.,0.012,,,
conj_True_uconstr,105,0.006,0.,0.006,0.04,0.,0.04,,,,0.001,0.,0.001,,,,0.02,0.,0.02,0.012,0.,0.012,,,
conj_True_uconstr,106,0.002,0.,0.002,0.037,0.,0.037,,,,0.001,0.,0.001,,,,0.021,0.,0.021,0.012,0.,0.012,,,
conj_True_uconstr,107,0.002,0.,0.002,0.038,0.,0.038,,,,0.001,0.,0.001,,,,0.021,0.,0.021,0.012,0.,0.012,,,
conj_True_uconstr,108,0.002,0.,0.002,0.038,0.,0.038,,,,0.001,0.,0.001,,,,0.021,0.,0.021,0.012,0.,0.012,,,
conj_True_uconstr,109,0.002,0.,0.002,0.041,0.,0.041,,,,0.001,0.,0.001,,,,0.023,0.,0.023,0.013,0.,0.013,,,
conj_True_uconstr,110,0.002,0.,0.002,0.039,0.,0.039,,,,0.001,0.,0.001,,,,0.022,0.,0.022,0.013,0.,0.013,,,
conj_True_uconstr,111,0.002,0.,0.002,0.042,0.,0.042,,,,0.001,0.,0.001,,,,0.023,0.,0.023,0.014,0.,0.014,,,
conj_True_uconstr,112,0.002,0.,0.002,0.041,0.,0.041,,,,0.001,0.,0.001,,,,0.023,0.,0.023,0.013,0.,0.013,,,
conj_True_uconstr,113,0.002,0.,0.002,0.043,0.,0.043,,,,0.001,0.,0.001,,,,0.024,0.,0.024,0.014,0.,0.014,,,
conj_True_uconstr,114,0.003,0.,0.003,0.043,0.,0.043,,,,0.001,0.,0.001,,,,0.023,0.,0.023,0.015,0.,0.015,,,
conj_True_uconstr,115,0.002,0.,0.002,0.044,0.,0.044,,,,0.,0.,0.,,,,0.024,0.,0.024,0.017,0.,0.017,,,
conj_True_uconstr,116,0.002,0.,0.002,0.048,0.,0.048,,,,0.001,0.,0.001,,,,0.024,0.,0.024,0.019,0.,0.019,,,
conj_True_uconstr,117,0.002,0.,0.002,0.042,0.,0.042,,,,0.,0.,0.,,,,0.027,0.,0.027,0.012,0.,0.012,,,
conj_True_uconstr,118,0.002,0.,0.002,0.049,0.,0.049,,,,0.001,0.,0.001,,,,0.028,0.,0.028,0.015,0.,0.015,,,
conj_True_uconstr,119,0.002,0.,0.002,0.044,0.,0.045,,,,0.001,0.,0.001,,,,0.026,0.,0.026,0.014,0.,0.014,,,
conj_True_uconstr,120,0.002,0.,0.002,0.049,0.,0.049,,,,0.001,0.,0.001,,,,0.028,0.,0.028,0.016,0.,0.016,,,
conj_True_uconstr,121,0.002,0.,0.002,0.049,0.,0.049,,,,0.001,0.,0.001,,,,0.027,0.,0.027,0.017,0.,0.017,,,
conj_True_uconstr,122,0.002,0.,0.002,0.044,0.,0.044,,,,0.,0.,0.,,,,0.026,0.,0.026,0.015,0.,0.015,,,
conj_True_uconstr,123,0.002,0.,0.002,0.05,0.,0.05,,,,0.001,0.,0.001,,,,0.029,0.,0.029,0.016,0.,0.016,,,
conj_True_uconstr,124,0.002,0.,0.002,0.047,0.,0.047,,,,0.,0.,0.,,,,0.028,0.,0.028,0.015,0.,0.015,,,
conj_True_uconstr,125,0.002,0.,0.002,0.052,0.,0.052,,,,0.,0.,0.,,,,0.03,0.,0.03,0.018,0.,0.018,,,
conj_True_uconstr,126,0.003,0.,0.003,0.055,0.,0.055,,,,0.001,0.,0.001,,,,0.032,0.,0.032,0.017,0.,0.017,,,
conj_True_uconstr,127,0.003,0.003,0.,0.049,0.003,0.046,,,,0.,0.,0.,,,,0.029,0.,0.029,0.015,0.,0.015,,,
conj_True_uconstr,128,0.003,0.,0.003,0.055,0.003,0.051,,,,0.,0.,0.,,,,0.031,0.,0.031,0.02,0.003,0.016,,,
conj_True_uconstr,129,0.003,0.,0.003,0.056,0.,0.056,,,,0.001,0.,0.001,,,,0.033,0.,0.033,0.018,0.,0.018,,,
conj_True_uconstr,130,0.003,0.,0.003,0.051,0.,0.051,,,,0.,0.,0.,,,,0.03,0.,0.03,0.016,0.,0.016,,,
conj_True_uconstr,131,0.003,0.,0.003,0.055,0.,0.055,,,,0.,0.,0.,,,,0.032,0.,0.032,0.019,0.,0.019,,,
conj_True_uconstr,132,0.003,0.,0.003,0.057,0.,0.057,,,,0.001,0.,0.001,,,,0.034,0.,0.034,0.018,0.,0.018,,,
conj_True_uconstr,133,0.003,0.,0.003,0.056,0.,0.056,,,,0.001,0.,0.001,,,,0.031,0.,0.031,0.02,0.,0.02,,,
conj_True_uconstr,134,0.003,0.,0.003,0.052,0.,0.052,,,,0.,0.,0.,,,,0.032,0.,0.032,0.016,0.,0.016,,,
conj_True_uconstr,135,0.003,0.,0.003,0.062,0.,0.062,,,,0.,0.,0.,,,,0.035,0.,0.035,0.023,0.,0.023,,,
conj_True_uconstr,136,0.003,0.,0.003,0.061,0.,0.061,,,,0.001,0.,0.001,,,,0.036,0.,0.036,0.019,0.,0.019,,,
conj_True_uconstr,137,0.003,0.,0.003,0.059,0.,0.059,,,,0.001,0.,0.001,,,,0.033,0.,0.033,0.021,0.,0.021,,,
conj_True_uconstr,138,0.003,0.,0.003,0.055,0.,0.055,,,,0.,0.,0.,,,,0.034,0.,0.034,0.017,0.,0.017,,,
conj_True_uconstr,139,0.003,0.,0.003,0.064,0.,0.064,,,,0.,0.,0.,,,,0.037,0.,0.037,0.023,0.,0.023,,,
conj_True_uconstr,140,0.003,0.,0.003,0.065,0.,0.065,,,,0.001,0.,0.001,,,,0.038,0.,0.038,0.021,0.,0.021,,,
conj_True_uconstr,141,0.003,0.,0.003,0.063,0.,0.063,,,,0.001,0.,0.001,,,,0.035,0.,0.035,0.022,0.,0.022,,,
conj_True_uconstr,142,0.003,0.,0.003,0.062,0.,0.062,,,,0.001,0.,0.001,,,,0.035,0.,0.035,0.022,0.,0.022,,,
conj_True_uconstr,143,0.003,0.,0.003,0.059,0.003,0.055,,,,0.,0.,0.,,,,0.036,0.003,0.033,0.018,0.,0.018,,,
conj_True_uconstr,144,0.003,0.,0.003,0.066,0.,0.066,,,,0.,0.,0.,,,,0.039,0.,0.039,0.022,0.,0.022,,,
conj_True_uconstr,145,0.003,0.,0.003,0.073,0.,0.073,,,,0.,0.,0.,,,,0.041,0.,0.041,0.027,0.,0.027,,,
conj_True_uconstr,146,0.003,0.,0.003,0.07,0.,0.07,,,,0.002,0.,0.002,,,,0.041,0.,0.041,0.023,0.,0.023,,,
conj_True_uconstr,147,0.003,0.,0.003,0.068,0.,0.068,,,,0.001,0.,0.001,,,,0.038,0.,0.038,0.023,0.,0.023,,,
conj_True_uconstr,148,0.003,0.,0.003,0.067,0.,0.067,,,,0.001,0.,0.001,,,,0.038,0.,0.038,0.023,0.,0.023,,,
conj_True_uconstr,149,0.003,0.,0.003,0.068,0.,0.068,,,,0.001,0.,0.001,,,,0.039,0.,0.039,0.023,0.,0.023,,,
conj_True_uconstr,150,0.003,0.,0.003,0.067,0.,0.067,,,,0.001,0.,0.001,,,,0.04,0.,0.04,0.021,0.,0.021,,,
conj_True_uconstr,151,0.007,0.,0.007,0.07,0.,0.07,,,,0.,0.,0.,,,,0.041,0.,0.041,0.02,0.,0.02,,,
conj_True_uconstr,152,0.003,0.,0.003,0.068,0.,0.068,,,,0.,0.,0.,,,,0.043,0.,0.043,0.02,0.,0.02,,,
conj_True_uconstr,153,0.003,0.,0.003,0.068,0.003,0.064,,,,0.,0.,0.,,,,0.04,0.,0.04,0.023,0.003,0.019,,,
conj_True_uconstr,154,0.003,0.,0.003,0.075,0.,0.075,,,,0.,0.,0.,,,,0.043,0.,0.043,0.028,0.,0.028,,,
conj_True_uconstr,155,0.003,0.,0.003,0.076,0.,0.076,,,,0.,0.,0.,,,,0.042,0.,0.042,0.029,0.,0.029,,,
conj_True_uconstr,156,0.003,0.,0.003,0.079,0.,0.079,,,,0.,0.,0.,,,,0.045,0.,0.045,0.029,0.,0.029,,,
conj_True_uconstr,157,0.003,0.,0.003,0.081,0.,0.081,,,,0.,0.,0.,,,,0.046,0.,0.046,0.03,0.,0.03,,,
conj_True_uconstr,158,0.003,0.,0.003,0.081,0.,0.081,,,,0.,0.,0.,,,,0.046,0.,0.046,0.03,0.,0.03,,,
conj_True_uconstr,159,0.003,0.,0.003,0.081,0.,0.081,,,,0.,0.,0.,,,,0.046,0.,0.046,0.03,0.,0.03,,,
conj_True_uconstr,160,0.003,0.,0.003,0.082,0.,0.082,,,,0.,0.,0.,,,,0.047,0.,0.047,0.03,0.,0.03,,,
conj_True_uconstr,161,0.003,0.,0.003,0.081,0.,0.081,,,,0.,0.,0.,,,,0.047,0.,0.047,0.029,0.,0.029,,,
conj_True_uconstr,162,0.003,0.,0.003,0.082,0.,0.082,,,,0.,0.,0.,,,,0.048,0.,0.048,0.028,0.,0.028,,,
conj_True_uconstr,163,0.003,0.,0.003,0.08,0.,0.08,,,,0.,0.,0.,,,,0.052,0.,0.052,0.023,0.,0.023,,,
conj_True_uconstr,164,0.003,0.,0.003,0.079,0.,0.079,,,,0.,0.,0.,,,,0.05,0.,0.05,0.024,0.,0.024,,,
conj_True_uconstr,165,0.005,0.,0.005,0.083,0.,0.083,,,,0.001,0.,0.001,,,,0.049,0.,0.049,0.026,0.,0.026,,,
conj_True_uconstr,166,0.003,0.,0.003,0.083,0.,0.083,,,,0.001,0.,0.001,,,,0.049,0.,0.049,0.028,0.,0.028,,,
conj_True_uconstr,167,0.003,0.,0.003,0.084,0.,0.084,,,,0.001,0.,0.001,,,,0.049,0.,0.049,0.028,0.,0.028,,,
conj_True_uconstr,168,0.003,0.,0.003,0.086,0.,0.086,,,,0.002,0.,0.002,,,,0.05,0.,0.05,0.029,0.,0.029,,,
conj_True_uconstr,169,0.004,0.,0.004,0.092,0.003,0.088,,,,0.,0.,0.,,,,0.051,0.,0.051,0.036,0.003,0.032,,,
conj_True_uconstr,170,0.004,0.,0.004,0.09,0.,0.09,,,,0.001,0.,0.001,,,,0.052,0.,0.052,0.032,0.,0.032,,,
conj_True_uconstr,171,0.004,0.,0.004,0.091,0.,0.091,,,,0.002,0.,0.002,,,,0.051,0.,0.051,0.033,0.,0.033,,,
conj_True_uconstr,172,0.004,0.,0.004,0.095,0.003,0.091,,,,0.,0.,0.,,,,0.053,0.,0.053,0.037,0.003,0.033,,,
conj_True_uconstr,173,0.004,0.,0.004,0.099,0.,0.099,,,,0.,0.,0.,,,,0.06,0.,0.06,0.034,0.,0.034,,,
conj_True_uconstr,174,0.004,0.,0.004,0.095,0.,0.095,,,,0.,0.,0.,,,,0.063,0.,0.063,0.026,0.,0.026,,,
conj_True_uconstr,175,0.004,0.,0.004,0.102,0.,0.102,,,,0.001,0.,0.001,,,,0.063,0.,0.063,0.033,0.,0.033,,,
conj_True_uconstr,176,0.004,0.,0.004,0.095,0.,0.095,,,,0.002,0.,0.002,,,,0.055,0.,0.055,0.033,0.,0.033,,,
conj_True_uconstr,177,0.004,0.,0.004,0.098,0.,0.098,,,,0.,0.,0.,,,,0.055,0.,0.055,0.037,0.,0.037,,,
conj_True_uconstr,178,0.004,0.,0.004,0.099,0.,0.099,,,,0.,0.,0.,,,,0.062,0.,0.062,0.032,0.,0.032,,,
conj_True_uconstr,179,0.004,0.,0.004,0.108,0.003,0.104,,,,0.001,0.,0.001,,,,0.066,0.003,0.062,0.036,0.,0.036,,,
conj_True_uconstr,180,0.004,0.,0.004,0.1,0.,0.1,,,,0.002,0.,0.002,,,,0.06,0.,0.06,0.032,0.,0.032,,,
conj_True_uconstr,181,0.004,0.,0.004,0.101,0.,0.101,,,,0.,0.,0.,,,,0.057,0.,0.057,0.038,0.,0.038,,,
conj_True_uconstr,182,0.004,0.,0.004,0.11,0.,0.11,,,,0.001,0.,0.001,,,,0.068,0.,0.068,0.036,0.,0.036,,,
conj_True_uconstr,183,0.004,0.,0.004,0.102,0.,0.102,,,,0.002,0.,0.002,,,,0.059,0.,0.059,0.036,0.,0.036,,,
conj_True_uconstr,184,0.004,0.,0.004,0.105,0.,0.105,,,,0.,0.,0.,,,,0.06,0.,0.06,0.039,0.,0.039,,,
conj_True_uconstr,185,0.004,0.,0.004,0.107,0.,0.107,,,,0.001,0.,0.001,,,,0.067,0.,0.067,0.034,0.,0.034,,,
conj_True_uconstr,186,0.004,0.,0.004,0.103,0.,0.103,,,,0.002,0.,0.002,,,,0.061,0.,0.061,0.034,0.,0.034,,,
conj_True_uconstr,187,0.005,0.,0.005,0.108,0.,0.108,,,,0.,0.,0.,,,,0.062,0.,0.062,0.039,0.,0.039,,,
conj_True_uconstr,188,0.004,0.,0.004,0.111,0.,0.111,,,,0.002,0.,0.002,,,,0.068,0.,0.068,0.036,0.,0.036,,,
conj_True_uconstr,189,0.004,0.,0.004,0.11,0.003,0.106,,,,0.,0.,0.,,,,0.063,0.,0.063,0.04,0.003,0.036,,,
conj_True_uconstr,190,0.004,0.,0.004,0.11,0.003,0.106,,,,0.001,0.,0.001,,,,0.068,0.003,0.064,0.035,0.,0.035,,,
conj_True_uconstr,191,0.004,0.,0.004,0.115,0.,0.114,,,,0.,0.,0.,,,,0.066,0.,0.066,0.042,0.,0.042,,,
conj_True_uconstr,192,0.004,0.,0.004,0.109,0.003,0.105,,,,0.,0.,0.,,,,0.071,0.003,0.067,0.032,0.,0.032,,,
conj_True_uconstr,193,0.007,0.,0.007,0.116,0.,0.116,,,,0.002,0.,0.002,,,,0.066,0.,0.066,0.038,0.,0.038,,,
conj_True_uconstr,194,0.005,0.,0.005,0.112,0.,0.112,,,,0.,0.,0.,,,,0.067,0.,0.067,0.038,0.,0.038,,,
conj_True_uconstr,195,0.007,0.,0.007,0.12,0.,0.12,,,,0.002,0.,0.002,,,,0.07,0.,0.07,0.039,0.,0.039,,,
conj_True_uconstr,196,0.005,0.,0.005,0.113,0.,0.113,,,,0.,0.,0.,,,,0.067,0.,0.067,0.039,0.,0.039,,,
conj_True_uconstr,197,0.007,0.,0.007,0.123,0.,0.123,,,,0.002,0.,0.002,,,,0.075,0.,0.075,0.038,0.,0.038,,,
conj_True_uconstr,198,0.004,0.,0.004,0.113,0.003,0.109,,,,0.,0.,0.,,,,0.07,0.003,0.066,0.036,0.,0.036,,,
conj_True_uconstr,199,0.004,0.,0.004,0.121,0.,0.121,,,,0.,0.,0.,,,,0.072,0.,0.072,0.043,0.,0.043,,,
conj_True_uconstr,200,0.004,0.,0.004,0.121,0.,0.121,,,,0.001,0.,0.001,,,,0.074,0.,0.074,0.04,0.,0.04,,,
conj_True_uconstr,201,0.004,0.,0.004,0.12,0.,0.12,,,,0.001,0.,0.001,,,,0.075,0.,0.075,0.039,0.,0.039,,,
conj_True_uconstr,202,0.004,0.,0.004,0.125,0.,0.125,,,,0.,0.,0.,,,,0.075,0.,0.075,0.044,0.,0.044,,,
conj_True_uconstr,203,0.004,0.,0.004,0.124,0.,0.124,,,,0.001,0.,0.001,,,,0.074,0.,0.074,0.044,0.,0.044,,,
conj_True_uconstr,204,0.004,0.,0.004,0.138,0.,0.138,,,,0.002,0.,0.002,,,,0.083,0.,0.083,0.046,0.,0.046,,,
conj_True_uconstr,205,0.004,0.,0.004,0.129,0.,0.129,,,,0.002,0.,0.002,,,,0.079,0.,0.079,0.042,0.,0.042,,,
conj_True_uconstr,206,0.004,0.,0.004,0.128,0.,0.128,,,,0.001,0.,0.001,,,,0.076,0.,0.076,0.045,0.,0.045,,,
conj_True_uconstr,207,0.005,0.,0.005,0.132,0.,0.132,,,,0.001,0.,0.001,,,,0.081,0.,0.081,0.045,0.,0.045,,,
conj_True_uconstr,208,0.004,0.,0.004,0.131,0.,0.131,,,,0.001,0.,0.001,,,,0.079,0.,0.079,0.045,0.,0.045,,,
conj_True_uconstr,209,0.005,0.,0.005,0.142,0.,0.142,,,,0.002,0.,0.002,,,,0.087,0.,0.087,0.048,0.,0.048,,,
conj_True_uconstr,210,0.005,0.,0.005,0.147,0.,0.147,,,,0.001,0.,0.001,,,,0.086,0.,0.086,0.054,0.,0.054,,,
conj_True_uconstr,211,0.005,0.,0.005,0.134,0.,0.134,,,,0.001,0.,0.001,,,,0.08,0.,0.08,0.047,0.,0.047,,,
conj_True_uconstr,212,0.005,0.,0.005,0.14,0.,0.14,,,,0.001,0.,0.001,,,,0.085,0.,0.085,0.047,0.,0.047,,,
conj_True_uconstr,213,0.005,0.,0.005,0.136,0.,0.136,,,,0.001,0.,0.001,,,,0.083,0.,0.083,0.046,0.,0.046,,,
conj_True_uconstr,214,0.005,0.,0.005,0.139,0.,0.139,,,,0.001,0.,0.001,,,,0.086,0.,0.086,0.046,0.,0.046,,,
conj_True_uconstr,215,0.005,0.,0.005,0.151,0.,0.151,,,,0.001,0.,0.001,,,,0.097,0.,0.097,0.047,0.,0.047,,,
conj_True_uconstr,216,0.005,0.,0.005,0.139,0.,0.139,,,,0.001,0.,0.001,,,,0.085,0.,0.085,0.047,0.,0.047,,,
conj_True_uconstr,217,0.005,0.,0.005,0.152,0.,0.152,,,,0.001,0.,0.001,,,,0.091,0.,0.091,0.054,0.,0.054,,,
conj_True_uconstr,218,0.005,0.,0.005,0.15,0.,0.15,,,,0.001,0.,0.001,,,,0.095,0.,0.095,0.047,0.,0.047,,,
conj_True_uconstr,219,0.005,0.,0.005,0.151,0.,0.151,,,,0.002,0.,0.002,,,,0.092,0.,0.092,0.052,0.,0.052,,,
conj_True_uconstr,220,0.005,0.,0.005,0.147,0.,0.147,,,,0.001,0.,0.001,,,,0.092,0.,0.092,0.048,0.,0.048,,,
conj_True_uconstr,221,0.005,0.,0.005,0.145,0.,0.145,,,,0.001,0.,0.001,,,,0.088,0.,0.088,0.048,0.,0.048,,,
conj_True_uconstr,222,0.005,0.,0.005,0.151,0.,0.152,,,,0.001,0.,0.001,,,,0.092,0.,0.091,0.053,0.,0.053,,,
conj_True_uconstr,223,0.005,0.,0.005,0.147,0.,0.147,,,,0.001,0.,0.001,,,,0.089,0.,0.089,0.05,0.,0.05,,,
conj_True_uconstr,224,0.005,0.,0.005,0.153,0.,0.153,,,,0.001,0.,0.001,,,,0.093,0.,0.093,0.053,0.,0.053,,,
conj_True_uconstr,225,0.005,0.,0.005,0.141,0.,0.141,,,,0.001,0.,0.001,,,,0.089,0.,0.089,0.045,0.,0.045,,,
conj_True_uconstr,226,0.005,0.,0.005,0.154,0.,0.154,,,,0.001,0.,0.001,,,,0.093,0.,0.093,0.054,0.,0.054,,,
conj_True_uconstr,227,0.005,0.,0.005,0.147,0.,0.147,,,,0.001,0.,0.001,,,,0.091,0.,0.091,0.048,0.,0.048,,,
conj_True_uconstr,228,0.005,0.,0.005,0.156,0.,0.156,,,,0.001,0.,0.001,,,,0.095,0.,0.095,0.054,0.,0.054,,,
conj_True_uconstr,229,0.005,0.,0.005,0.151,0.,0.151,,,,0.001,0.,0.001,,,,0.093,0.,0.093,0.05,0.,0.05,,,
conj_True_uconstr,230,0.005,0.,0.005,0.159,0.,0.159,,,,0.001,0.,0.001,,,,0.097,0.,0.097,0.055,0.,0.055,,,
conj_True_uconstr,231,0.005,0.,0.005,0.155,0.,0.155,,,,0.001,0.,0.001,,,,0.095,0.,0.095,0.052,0.,0.052,,,
conj_True_uconstr,232,0.005,0.,0.005,0.161,0.,0.161,,,,0.001,0.,0.001,,,,0.101,0.,0.101,0.052,0.,0.052,,,
conj_True_uconstr,233,0.006,0.,0.006,0.161,0.,0.161,,,,0.001,0.,0.001,,,,0.096,0.,0.096,0.056,0.,0.056,,,
conj_True_uconstr,234,0.005,0.,0.005,0.164,0.,0.164,,,,0.001,0.,0.001,,,,0.104,0.,0.104,0.053,0.,0.053,,,
conj_True_uconstr,235,0.006,0.,0.006,0.165,0.,0.165,,,,0.001,0.,0.001,,,,0.104,0.,0.104,0.053,0.,0.053,,,
conj_True_uconstr,236,0.005,0.,0.005,0.172,0.,0.172,,,,0.001,0.,0.001,,,,0.107,0.,0.107,0.058,0.,0.058,,,
conj_True_uconstr,237,0.005,0.,0.005,0.168,0.,0.168,,,,0.001,0.,0.001,,,,0.106,0.,0.106,0.054,0.,0.054,,,
conj_True_uconstr,238,0.005,0.,0.005,0.166,0.,0.166,,,,0.001,0.,0.001,,,,0.106,0.,0.106,0.052,0.,0.052,,,
conj_True_uconstr,239,0.005,0.,0.005,0.176,0.,0.176,,,,0.001,0.,0.001,,,,0.109,0.,0.109,0.059,0.,0.059,,,
conj_True_uconstr,240,0.005,0.,0.005,0.169,0.,0.169,,,,0.001,0.,0.001,,,,0.102,0.,0.102,0.06,0.,0.06,,,
conj_True_uconstr,241,0.005,0.,0.005,0.17,0.,0.17,,,,0.001,0.,0.001,,,,0.108,0.,0.108,0.054,0.,0.054,,,
conj_True_uconstr,242,0.006,0.,0.006,0.178,0.,0.178,,,,0.001,0.,0.001,,,,0.11,0.,0.11,0.06,0.,0.06,,,
conj_True_uconstr,243,0.005,0.,0.005,0.17,0.,0.17,,,,0.001,0.,0.001,,,,0.104,0.,0.104,0.058,0.,0.058,,,
conj_True_uconstr,244,0.006,0.,0.006,0.179,0.,0.179,,,,0.001,0.,0.001,,,,0.107,0.,0.107,0.064,0.,0.064,,,
conj_True_uconstr,245,0.005,0.,0.005,0.18,0.,0.18,,,,0.001,0.,0.001,,,,0.112,0.,0.112,0.06,0.,0.06,,,
conj_True_uconstr,246,0.005,0.,0.005,0.187,0.,0.187,,,,0.001,0.,0.001,,,,0.122,0.,0.122,0.058,0.,0.058,,,
conj_True_uconstr,247,0.006,0.,0.006,0.178,0.,0.178,,,,0.001,0.,0.001,,,,0.113,0.,0.113,0.056,0.,0.056,,,
conj_True_uconstr,248,0.012,0.,0.012,0.193,0.,0.193,,,,0.001,0.,0.001,,,,0.118,0.,0.118,0.061,0.,0.061,,,
conj_True_uconstr,249,0.006,0.,0.005,0.177,0.,0.177,,,,0.001,0.,0.001,,,,0.112,0.,0.112,0.057,0.,0.057,,,
conj_True_uconstr,250,0.005,0.,0.005,0.184,0.,0.184,,,,0.001,0.,0.001,,,,0.118,0.,0.118,0.058,0.,0.058,,,
conj_True_uconstr,251,0.006,0.,0.006,0.189,0.,0.189,,,,0.001,0.,0.001,,,,0.113,0.,0.113,0.068,0.,0.068,,,
conj_True_uconstr,252,0.006,0.,0.006,0.198,0.,0.198,,,,0.001,0.,0.001,,,,0.126,0.,0.126,0.064,0.,0.064,,,
conj_True_uconstr,253,0.006,0.,0.006,0.206,0.,0.206,,,,0.001,0.,0.001,,,,0.129,0.,0.129,0.069,0.,0.069,,,
conj_True_uconstr,254,0.006,0.,0.006,0.191,0.,0.191,,,,0.001,0.,0.001,,,,0.123,0.,0.123,0.059,0.,0.059,,,
conj_True_uconstr,255,0.006,0.,0.006,0.201,0.,0.201,,,,0.001,0.,0.001,,,,0.126,0.,0.126,0.067,0.,0.067,,,
conj_True_uconstr,256,0.006,0.,0.006,0.194,0.,0.194,,,,0.001,0.,0.001,,,,0.121,0.,0.121,0.064,0.,0.064,,,
conj_True_uconstr,257,0.006,0.,0.006,0.207,0.,0.207,,,,0.001,0.,0.001,,,,0.131,0.,0.131,0.068,0.,0.068,,,
conj_True_uconstr,258,0.006,0.,0.006,0.2,0.,0.2,,,,0.001,0.,0.001,,,,0.129,0.,0.129,0.062,0.,0.062,,,
conj_True_uconstr,259,0.006,0.,0.006,0.205,0.,0.205,,,,0.001,0.,0.001,,,,0.134,0.,0.134,0.063,0.,0.063,,,
conj_True_uconstr,260,0.006,0.,0.006,0.199,0.,0.199,,,,0.001,0.,0.001,,,,0.127,0.,0.127,0.063,0.,0.063,,,
conj_True_uconstr,261,0.01,0.,0.01,0.203,0.,0.203,,,,0.001,0.,0.001,,,,0.128,0.,0.128,0.062,0.,0.062,,,
conj_True_uconstr,262,0.006,0.,0.006,0.201,0.,0.201,,,,0.001,0.,0.001,,,,0.125,0.,0.125,0.068,0.,0.068,,,
conj_True_uconstr,263,0.006,0.,0.006,0.207,0.,0.207,,,,0.001,0.,0.001,,,,0.128,0.,0.128,0.07,0.,0.07,,,
conj_True_uconstr,264,0.006,0.,0.006,0.205,0.,0.205,,,,0.001,0.,0.001,,,,0.133,0.,0.133,0.064,0.,0.064,,,
conj_True_uconstr,265,0.006,0.,0.006,0.209,0.,0.209,,,,0.001,0.,0.001,,,,0.135,0.,0.135,0.065,0.,0.065,,,
conj_True_uconstr,266,0.006,0.,0.006,0.207,0.,0.207,,,,0.001,0.,0.001,,,,0.132,0.,0.132,0.066,0.,0.066,,,
conj_True_uconstr,267,0.009,0.,0.009,0.21,0.,0.21,,,,0.001,0.,0.001,,,,0.131,0.,0.131,0.067,0.,0.067,,,
conj_True_uconstr,268,0.006,0.,0.006,0.211,0.,0.211,,,,0.001,0.,0.001,,,,0.132,0.,0.132,0.07,0.,0.07,,,
conj_True_uconstr,269,0.006,0.,0.006,0.214,0.,0.214,,,,0.001,0.,0.001,,,,0.135,0.,0.135,0.07,0.,0.07,,,
conj_True_uconstr,270,0.006,0.,0.006,0.221,0.,0.221,,,,0.001,0.,0.001,,,,0.14,0.,0.14,0.072,0.,0.072,,,
conj_True_uconstr,271,0.006,0.,0.006,0.217,0.,0.217,,,,0.001,0.,0.001,,,,0.136,0.,0.136,0.072,0.,0.072,,,
conj_True_uconstr,272,0.006,0.,0.006,0.227,0.,0.227,,,,0.001,0.,0.001,,,,0.142,0.,0.142,0.076,0.,0.076,,,
conj_True_uconstr,273,0.006,0.,0.006,0.225,0.,0.225,,,,0.001,0.,0.001,,,,0.142,0.,0.142,0.073,0.,0.073,,,
conj_True_uconstr,274,0.006,0.,0.006,0.232,0.,0.232,,,,0.001,0.,0.001,,,,0.151,0.,0.151,0.072,0.,0.072,,,
conj_True_uconstr,275,0.006,0.,0.006,0.226,0.,0.226,,,,0.001,0.,0.001,,,,0.144,0.,0.144,0.073,0.,0.073,,,
conj_True_uconstr,276,0.006,0.,0.006,0.231,0.,0.231,,,,0.001,0.,0.001,,,,0.143,0.,0.143,0.079,0.,0.079,,,
conj_True_uconstr,277,0.006,0.,0.006,0.223,0.,0.223,,,,0.001,0.,0.001,,,,0.142,0.,0.142,0.072,0.,0.072,,,
conj_True_uconstr,278,0.013,0.,0.013,0.245,0.,0.245,,,,0.001,0.,0.001,,,,0.15,0.,0.15,0.079,0.,0.079,,,
conj_True_uconstr,279,0.006,0.,0.006,0.239,0.,0.239,,,,0.001,0.,0.001,,,,0.152,0.,0.152,0.078,0.,0.078,,,
conj_True_uconstr,280,0.012,0.,0.012,0.243,0.,0.243,,,,0.001,0.,0.001,,,,0.148,0.,0.148,0.079,0.,0.079,,,
conj_True_uconstr,281,0.006,0.,0.006,0.24,0.,0.24,,,,0.001,0.,0.001,,,,0.152,0.,0.152,0.078,0.,0.078,,,
conj_True_uconstr,282,0.013,0.,0.013,0.234,0.,0.234,,,,0.001,0.,0.001,,,,0.146,0.,0.146,0.072,0.,0.072,,,
conj_True_uconstr,283,0.006,0.,0.006,0.243,0.,0.243,,,,0.001,0.,0.001,,,,0.154,0.,0.154,0.079,0.,0.079,,,
conj_True_uconstr,284,0.007,0.,0.007,0.23,0.,0.23,,,,0.002,0.,0.002,,,,0.146,0.,0.146,0.074,0.,0.074,,,
conj_True_uconstr,285,0.006,0.,0.006,0.242,0.,0.242,,,,0.001,0.,0.001,,,,0.155,0.,0.155,0.078,0.,0.078,,,
conj_True_uconstr,286,0.006,0.,0.006,0.235,0.,0.235,,,,0.001,0.,0.001,,,,0.15,0.,0.15,0.076,0.,0.076,,,
conj_True_uconstr,287,0.011,0.,0.011,0.239,0.,0.239,,,,0.001,0.,0.001,,,,0.148,0.,0.148,0.077,0.,0.077,,,
conj_True_uconstr,288,0.006,0.,0.006,0.24,0.,0.24,,,,0.001,0.,0.001,,,,0.152,0.,0.152,0.078,0.,0.078,,,
conj_True_uconstr,289,0.007,0.,0.007,0.247,0.,0.247,,,,0.002,0.,0.002,,,,0.157,0.,0.157,0.081,0.,0.081,,,
conj_True_uconstr,290,0.009,0.,0.009,0.25,0.,0.25,,,,0.001,0.,0.001,,,,0.158,0.,0.158,0.08,0.,0.08,,,
conj_True_uconstr,291,0.007,0.,0.007,0.252,0.,0.252,,,,0.001,0.,0.001,,,,0.165,0.,0.165,0.077,0.,0.077,,,
conj_True_uconstr,292,0.007,0.,0.007,0.252,0.,0.252,,,,0.002,0.,0.002,,,,0.16,0.,0.16,0.083,0.,0.083,,,
conj_True_uconstr,293,0.007,0.,0.007,0.247,0.003,0.243,,,,0.002,0.,0.002,,,,0.157,0.,0.157,0.08,0.003,0.076,,,
conj_True_uconstr,294,0.007,0.,0.007,0.247,0.,0.247,,,,0.002,0.,0.002,,,,0.157,0.,0.157,0.079,0.,0.079,,,
conj_True_uconstr,295,0.009,0.,0.009,0.256,0.,0.256,,,,0.002,0.,0.002,,,,0.161,0.,0.161,0.083,0.,0.083,,,
conj_True_uconstr,296,0.007,0.,0.007,0.262,0.,0.262,,,,0.002,0.,0.002,,,,0.166,0.,0.166,0.086,0.,0.086,,,
conj_True_uconstr,297,0.007,0.,0.007,0.258,0.,0.258,,,,0.002,0.,0.002,,,,0.168,0.,0.168,0.079,0.,0.079,,,
conj_True_uconstr,298,0.007,0.,0.007,0.275,0.,0.275,,,,0.002,0.,0.002,,,,0.179,0.,0.179,0.086,0.,0.086,,,
conj_True_uconstr,299,0.007,0.,0.007,0.259,0.,0.259,,,,0.002,0.,0.002,,,,0.163,0.,0.163,0.085,0.,0.085,,,
conj_True_uconstr,300,0.007,0.,0.007,0.277,0.,0.277,,,,0.002,0.,0.002,,,,0.177,0.,0.177,0.09,0.,0.09,,,
conj_True_uconstr,305,0.007,0.,0.007,0.28,0.,0.28,,,,0.002,0.,0.002,,,,0.182,0.,0.182,0.087,0.,0.087,,,
conj_True_uconstr,310,0.007,0.,0.007,0.273,0.,0.273,,,,0.002,0.,0.002,,,,0.179,0.,0.179,0.084,0.,0.084,,,
conj_True_uconstr,315,0.007,0.,0.007,0.292,0.,0.292,,,,0.002,0.,0.002,,,,0.186,0.,0.186,0.095,0.,0.095,,,
conj_True_uconstr,320,0.007,0.,0.007,0.3,0.,0.3,,,,0.002,0.,0.002,,,,0.191,0.,0.191,0.098,0.,0.098,,,
conj_True_uconstr,325,0.007,0.,0.007,0.306,0.,0.306,,,,0.002,0.,0.002,,,,0.195,0.,0.195,0.101,0.,0.101,,,
conj_True_uconstr,330,0.008,0.,0.008,0.313,0.,0.313,,,,0.002,0.,0.002,,,,0.201,0.,0.201,0.101,0.,0.101,,,
conj_True_uconstr,335,0.008,0.,0.008,0.322,0.,0.322,,,,0.002,0.,0.002,,,,0.208,0.,0.208,0.103,0.,0.103,,,
conj_True_uconstr,340,0.008,0.,0.008,0.351,0.,0.351,,,,0.002,0.,0.002,,,,0.224,0.,0.224,0.115,0.,0.115,,,
conj_True_uconstr,345,0.008,0.,0.008,0.361,0.,0.361,,,,0.002,0.,0.002,,,,0.234,0.,0.234,0.115,0.,0.115,,,
conj_True_uconstr,350,0.008,0.,0.008,0.363,0.,0.363,,,,0.002,0.,0.002,,,,0.235,0.,0.235,0.115,0.,0.115,,,
conj_True_uconstr,355,0.008,0.,0.008,0.366,0.,0.366,,,,0.003,0.,0.003,,,,0.238,0.,0.238,0.115,0.,0.115,,,
conj_True_uconstr,360,0.008,0.,0.008,0.376,0.,0.376,,,,0.003,0.,0.003,,,,0.241,0.,0.241,0.122,0.,0.122,,,
conj_True_uconstr,365,0.008,0.002,0.006,0.386,0.002,0.384,,,,0.003,0.,0.003,,,,0.253,0.,0.253,0.121,0.,0.121,,,
conj_True_uconstr,370,0.008,0.,0.008,0.389,0.,0.389,,,,0.003,0.,0.003,,,,0.253,0.,0.253,0.124,0.,0.124,,,
conj_True_uconstr,375,0.014,0.,0.014,0.419,0.,0.419,,,,0.003,0.,0.003,,,,0.264,0.,0.264,0.136,0.,0.136,,,
conj_True_uconstr,380,0.009,0.,0.009,0.435,0.,0.435,,,,0.003,0.,0.003,,,,0.281,0.,0.281,0.141,0.,0.141,,,
conj_True_uconstr,385,0.009,0.,0.009,0.444,0.,0.444,,,,0.003,0.,0.003,,,,0.292,0.,0.292,0.137,0.,0.137,,,
conj_True_uconstr,390,0.015,0.,0.015,0.438,0.,0.438,,,,0.003,0.,0.003,,,,0.275,0.,0.275,0.143,0.,0.143,,,
conj_True_uconstr,395,0.009,0.,0.009,0.449,0.,0.449,,,,0.003,0.,0.003,,,,0.29,0.,0.29,0.145,0.,0.145,,,
conj_True_uconstr,400,0.009,0.,0.009,0.458,0.,0.458,,,,0.003,0.,0.003,,,,0.296,0.,0.296,0.148,0.,0.148,,,
conj_True_uconstr,410,0.01,0.,0.01,0.491,0.,0.491,,,,0.004,0.,0.004,,,,0.316,0.,0.316,0.159,0.,0.159,,,
conj_True_uconstr,420,0.01,0.,0.01,0.533,0.,0.533,,,,0.004,0.,0.004,,,,0.351,0.,0.351,0.167,0.,0.167,,,
conj_True_uconstr,430,0.01,0.,0.01,0.547,0.,0.547,,,,0.004,0.,0.004,,,,0.362,0.,0.362,0.17,0.,0.17,,,
conj_True_uconstr,440,0.01,0.,0.01,0.553,0.003,0.549,,,,0.004,0.,0.004,,,,0.36,0.,0.36,0.176,0.003,0.172,,,
conj_True_uconstr,450,0.01,0.,0.01,0.584,0.,0.584,,,,0.004,0.,0.004,,,,0.381,0.,0.381,0.187,0.,0.187,,,
conj_True_uconstr,460,0.013,0.,0.013,0.6,0.,0.6,,,,0.005,0.,0.005,,,,0.388,0.,0.388,0.192,0.,0.192,,,
conj_True_uconstr,470,0.014,0.,0.014,0.664,0.,0.664,,,,0.005,0.,0.005,,,,0.428,0.,0.428,0.215,0.,0.215,,,
conj_True_uconstr,480,0.011,0.,0.011,0.664,0.,0.664,,,,0.005,0.,0.005,,,,0.441,0.,0.441,0.205,0.,0.205,,,
conj_True_uconstr,490,0.017,0.,0.017,0.69,0.,0.69,,,,0.005,0.,0.005,,,,0.45,0.,0.45,0.216,0.,0.216,,,
conj_True_uconstr,500,0.017,0.,0.017,0.71,0.,0.71,,,,0.006,0.,0.006,,,,0.461,0.,0.461,0.224,0.,0.224,,,
conj_True_uconstr,550,0.015,0.,0.015,0.89,0.,0.89,,,,0.007,0.,0.007,,,,0.583,0.,0.583,0.283,0.,0.283,,,
conj_True_uconstr,600,0.02,0.,0.02,1.03,0.,1.03,,,,0.009,0.,0.009,,,,0.675,0.,0.675,0.325,0.,0.325,,,
conj_True_uconstr,650,0.021,0.,0.021,1.206,0.,1.206,,,,0.011,0.,0.011,,,,0.793,0.,0.793,0.379,0.,0.379,,,
conj_True_uconstr,700,0.017,0.,0.017,1.429,0.,1.429,,,,0.012,0.,0.012,,,,0.954,0.,0.954,0.445,0.,0.445,,,
conj_True_uconstr,750,0.018,0.,0.018,1.592,0.,1.592,,,,0.014,0.,0.014,,,,1.049,0.,1.049,0.51,0.,0.51,,,
conj_True_uconstr,800,0.019,0.,0.019,1.843,0.,1.843,,,,0.016,0.,0.016,,,,1.231,0.,1.231,0.576,0.,0.576,,,
conj_True_uconstr,850,0.02,0.,0.02,2.078,0.003,2.074,,,,0.018,0.,0.018,,,,1.356,0.003,1.352,0.681,0.,0.681,,,
conj_True_uconstr,900,0.026,0.,0.026,2.303,0.,2.303,,,,0.02,0.,0.02,,,,1.522,0.,1.522,0.734,0.,0.734,,,
conj_True_uconstr,950,0.025,0.,0.025,2.606,0.007,2.598,,,,0.023,0.,0.023,,,,1.738,0.003,1.734,0.819,0.003,0.815,,,
conj_True_uconstr,1000,0.028,0.,0.028,2.897,0.,2.897,,,,0.025,0.,0.025,,,,1.94,0.,1.94,0.903,0.,0.903,,,
conj_True_uconstr,1100,0.028,0.,0.028,3.477,0.,3.477,,,,0.031,0.,0.031,,,,2.323,0.,2.323,1.093,0.,1.093,,,
conj_True_uconstr,1200,0.029,0.,0.029,4.133,0.003,4.129,,,,0.037,0.,0.037,,,,2.763,0.003,2.759,1.302,0.,1.302,,,
conj_True_uconstr,1300,0.032,0.,0.032,4.891,0.,4.891,,,,0.044,0.,0.044,,,,3.237,0.,3.237,1.576,0.,1.576,,,
conj_True_uconstr,1400,0.04,0.,0.04,5.771,0.016,5.755,,,,0.052,0.,0.052,,,,3.875,0.015,3.858,1.804,0.,1.804,,,
conj_True_uconstr,1500,0.04,0.,0.04,6.505,0.,6.505,,,,0.06,0.,0.06,,,,4.36,0.,4.36,2.043,0.,2.043,,,
conj_True_uconstr,1600,0.045,0.,0.045,7.727,0.,7.727,,,,0.066,0.,0.066,,,,5.28,0.,5.28,2.335,0.,2.335,,,
conj_True_uconstr,1700,0.046,0.,0.046,8.644,0.,8.644,,,,0.078,0.,0.078,,,,5.567,0.,5.567,2.951,0.,2.951,,,
conj_True_uconstr,1800,0.049,0.,0.049,9.409,0.027,9.381,,,,0.086,0.,0.086,,,,6.327,0.019,6.307,2.946,0.007,2.938,,,
conj_True_uconstr,1900,0.051,0.,0.051,10.809,0.,10.809,,,,0.095,0.,0.095,,,,7.368,0.,7.368,3.289,0.,3.289,,,
